"Preis";"Wohnflaeche";"Alter";"Klimaanlage";"Kamin";"Heizung"
132500;84,1694537346711;42;"Nein";"Ja";"Strom"
181115;181,438127090301;0;"Nein";"Nein";"Gas"
109000;180,602006688963;133;"Nein";"Ja";"Gas"
155000;180,602006688963;13;"Nein";"Ja";"Gas"
86060;78,0379041248606;0;"Ja";"Nein";"Gas"
120000;107,023411371237;31;"Nein";"Ja";"Gas"
153000;255,667038275734;33;"Nein";"Ja";"Oel"
170000;154,403567447046;23;"Nein";"Ja";"Oel"
90000;151,616499442586;36;"Nein";"Nein";"Strom"
122900;131,549609810479;4;"Nein";"Nein";"Gas"
325000;268,859160163508;123;"Nein";"Nein";"Oel"
120000;150,873281308064;1;"Nein";"Nein";"Gas"
85860;65,4031958379784;13;"Nein";"Nein";"Strom"
97000;128,483835005574;153;"Nein";"Nein";"Gas"
127000;120,772946859903;9;"Nein";"Nein";"Oel"
89900;86,9565217391304;88;"Nein";"Nein";"Gas"
155000;120,772946859903;9;"Nein";"Nein";"Oel"
253750;261,612783351914;0;"Ja";"Ja";"Gas"
60000;85,8416945373467;82;"Nein";"Nein";"Oel"
87500;101,449275362319;17;"Nein";"Nein";"Oel"
112000;98,1047937569677;12;"Nein";"Nein";"Strom"
104900;148,643626904496;21;"Nein";"Nein";"Strom"
148635;146,413972500929;1;"Ja";"Nein";"Gas"
150000;193,236714975845;24;"Nein";"Nein";"Oel"
90400;148,643626904496;16;"Nein";"Nein";"Strom"
248800;206,61464139725;28;"Nein";"Nein";"Oel"
135000;153,846153846154;126;"Nein";"Nein";"Oel"
145000;108,695652173913;26;"Nein";"Nein";"Oel"
457000;228,632478632479;53;"Nein";"Ja";"Oel"
140000;143,441099962839;56;"Ja";"Ja";"Oel"
130000;113,340765514679;51;"Nein";"Ja";"Oel"
187000;172,612411742847;3;"Nein";"Ja";"Gas"
229000;206,150130063174;9;"Nein";"Ja";"Gas"
227000;174,284652545522;201;"Nein";"Nein";"Oel"
179900;188,219992567819;1;"Nein";"Ja";"Gas"
169900;155,239687848384;19;"Ja";"Ja";"Gas"
209900;191,378669639539;1;"Nein";"Ja";"Gas"
169900;175,027870680045;0;"Nein";"Ja";"Gas"
293000;187,848383500557;43;"Nein";"Ja";"Gas"
245900;222,408026755853;0;"Ja";"Ja";"Gas"
157000;129,134150873281;45;"Nein";"Ja";"Gas"
195000;181,531029357116;32;"Ja";"Nein";"Gas"
150000;144,370122630992;54;"Ja";"Ja";"Oel"
234900;183,574879227053;9;"Ja";"Nein";"Gas"
279550;230,304719435154;0;"Nein";"Ja";"Gas"
246500;252,136752136752;0;"Nein";"Ja";"Gas"
124000;74,0431066518023;98;"Nein";"Nein";"Oel"
138000;139,353400222965;54;"Nein";"Nein";"Gas"
290000;170,75436640654;73;"Nein";"Nein";"Oel"
108000;96,8041620215533;48;"Nein";"Ja";"Gas"
134900;165,551839464883;10;"Ja";"Nein";"Gas"
64500;137,495354886659;16;"Nein";"Ja";"Gas"
142000;132,478632478632;20;"Nein";"Ja";"Gas"
125000;130,434782608696;32;"Nein";"Nein";"Gas"
88000;137,495354886659;15;"Ja";"Ja";"Gas"
135000;124,860646599777;135;"Nein";"Nein";"Gas"
90000;137,495354886659;14;"Ja";"Ja";"Gas"
90100;137,495354886659;15;"Nein";"Ja";"Gas"
126900;148,272017837235;10;"Nein";"Nein";"Gas"
175000;164,251207729469;15;"Nein";"Ja";"Strom"
158000;125,232255667038;10;"Ja";"Ja";"Gas"
92000;137,495354886659;14;"Nein";"Ja";"Gas"
82800;137,774061687105;225;"Nein";"Nein";"Gas"
140000;146,413972500929;25;"Ja";"Ja";"Gas"
171000;93,6454849498328;15;"Nein";"Nein";"Strom"
200640;216,648086213304;0;"Nein";"Nein";"Gas"
139000;98,8480118914902;30;"Nein";"Ja";"Oel"
225000;225,566703827573;12;"Ja";"Ja";"Gas"
182000;121,701969528056;16;"Nein";"Ja";"Strom"
208767;154,403567447046;0;"Ja";"Nein";"Gas"
186000;185,804533630621;0;"Nein";"Nein";"Gas"
93000;137,495354886659;14;"Nein";"Ja";"Gas"
257386;275,826830174656;0;"Ja";"Ja";"Gas"
161000;143,255295429208;10;"Ja";"Nein";"Gas"
92000;141,861761426979;18;"Nein";"Nein";"Oel"
211002;203,920475659606;0;"Nein";"Nein";"Gas"
115000;137,495354886659;14;"Nein";"Ja";"Gas"
113000;134,894091415831;53;"Ja";"Nein";"Oel"
216300;219,249349684132;0;"Nein";"Nein";"Gas"
145000;133,779264214047;32;"Nein";"Ja";"Oel"
114000;137,495354886659;14;"Nein";"Ja";"Strom"
139050;174,563359345968;125;"Nein";"Nein";"Gas"
104000;137,495354886659;14;"Nein";"Nein";"Gas"
169900;166,480862133036;11;"Nein";"Nein";"Gas"
177900;128,76254180602;2;"Nein";"Nein";"Gas"
133000;155,70419918246;14;"Ja";"Ja";"Strom"
185000;71,3489409141583;0;"Nein";"Nein";"Gas"
115000;144,927536231884;16;"Ja";"Ja";"Strom"
100000;92,9022668153103;91;"Nein";"Nein";"Oel"
117000;155,70419918246;15;"Nein";"Ja";"Strom"
150000;153,846153846154;11;"Nein";"Nein";"Strom"
187500;213,675213675214;11;"Nein";"Ja";"Strom"
107000;159,048680787811;25;"Nein";"Ja";"Gas"
126900;125,418060200669;26;"Nein";"Nein";"Gas"
147000;155,70419918246;15;"Nein";"Ja";"Gas"
62000;122,352285395764;103;"Nein";"Nein";"Gas"
101000;98,1047937569677;30;"Nein";"Ja";"Gas"
143500;84,726867335563;13;"Nein";"Nein";"Gas"
113400;114,455592716462;18;"Nein";"Nein";"Strom"
76320;128,205128205128;68;"Nein";"Ja";"Gas"
110000;86,9565217391304;10;"Ja";"Nein";"Gas"
88000;66,8896321070234;49;"Nein";"Nein";"Gas"
108000;151,244890375325;30;"Nein";"Ja";"Oel"
114900;106,280193236715;41;"Nein";"Nein";"Gas"
146000;169,732441471572;2;"Nein";"Nein";"Gas"
225000;165,737643998514;8;"Nein";"Ja";"Oel"
138000;171,962095875139;16;"Ja";"Ja";"Gas"
218070;203,827573392791;0;"Nein";"Nein";"Gas"
25000;85,4700854700855;75;"Nein";"Nein";"Oel"
112000;118,914901523597;36;"Nein";"Nein";"Gas"
112500;114,455592716462;43;"Nein";"Ja";"Strom"
97000;130,620587142326;45;"Nein";"Nein";"Gas"
121000;108,138238573021;6;"Nein";"Nein";"Gas"
65720;111,296915644742;123;"Nein";"Nein";"Gas"
225000;204,942400594575;10;"Ja";"Ja";"Gas"
192000;174,656261612783;0;"Ja";"Ja";"Gas"
158500;127,090301003344;6;"Nein";"Nein";"Oel"
247000;176,607209215905;16;"Ja";"Ja";"Gas"
193777;143,719806763285;11;"Nein";"Nein";"Gas"
136500;83,240431066518;12;"Nein";"Nein";"Gas"
75000;93,6454849498328;45;"Nein";"Nein";"Gas"
45000;84,726867335563;75;"Nein";"Nein";"Gas"
243000;226,960237829803;12;"Nein";"Nein";"Gas"
90000;83,6120401337793;83;"Nein";"Nein";"Gas"
158000;194,908955778521;0;"Ja";"Nein";"Gas"
174000;196,488294314381;9;"Nein";"Ja";"Gas"
150000;124,860646599777;12;"Nein";"Ja";"Gas"
159650;102,749907097733;3;"Nein";"Nein";"Gas"
139062;133,779264214047;33;"Nein";"Ja";"Gas"
84950;78,0379041248606;0;"Nein";"Nein";"Gas"
102000;108,695652173913;10;"Nein";"Nein";"Gas"
175000;154,589371980676;15;"Nein";"Nein";"Oel"
78500;280,936454849498;153;"Nein";"Nein";"Oel"
232478;241,360089186176;0;"Nein";"Ja";"Gas"
93805;78,0379041248606;0;"Nein";"Nein";"Gas"
119900;158,026755852843;63;"Nein";"Nein";"Oel"
146000;135,265700483092;33;"Nein";"Ja";"Oel"
125000;113,71237458194;44;"Nein";"Nein";"Oel"
135000;131,085098476403;48;"Nein";"Ja";"Gas"
157500;149,386845039019;29;"Nein";"Ja";"Oel"
135000;280,564845782237;178;"Nein";"Nein";"Oel"
142900;176,328502415459;32;"Nein";"Ja";"Gas"
259900;236,343366778149;1;"Ja";"Ja";"Gas"
85000;96,4325529542921;16;"Nein";"Nein";"Strom"
180377;169,082125603865;1;"Nein";"Ja";"Gas"
163500;204,570791527313;21;"Ja";"Ja";"Strom"
106500;221,757710888146;53;"Nein";"Nein";"Oel"
115000;127,090301003344;16;"Ja";"Ja";"Strom"
115000;137,495354886659;16;"Ja";"Ja";"Strom"
135000;125,232255667038;15;"Ja";"Ja";"Strom"
198900;175,492382014121;7;"Ja";"Ja";"Gas"
139000;124,767744332962;16;"Ja";"Ja";"Strom"
206000;186,826458565589;15;"Ja";"Ja";"Gas"
120000;109,624674842066;15;"Ja";"Ja";"Gas"
205980;184,22519509476;1;"Ja";"Ja";"Gas"
275000;209,308807134894;14;"Ja";"Ja";"Gas"
139000;149,015235971758;12;"Ja";"Nein";"Gas"
89900;111,111111111111;83;"Nein";"Nein";"Gas"
139900;148,829431438127;13;"Ja";"Nein";"Gas"
172750;162,300260126347;1;"Nein";"Nein";"Gas"
136000;101,449275362319;37;"Nein";"Nein";"Oel"
270000;223,894463024898;10;"Ja";"Ja";"Gas"
174000;179,580081753995;14;"Ja";"Ja";"Gas"
379000;286,138981791156;9;"Ja";"Ja";"Gas"
382500;421,218877740617;13;"Ja";"Ja";"Oel"
144900;155,797101449275;14;"Ja";"Ja";"Gas"
349900;269,4165737644;7;"Ja";"Ja";"Gas"
133000;129,319955406912;16;"Ja";"Ja";"Strom"
115000;98,2905982905983;15;"Nein";"Ja";"Gas"
211950;217,577108881457;1;"Ja";"Ja";"Gas"
227812;204,942400594575;0;"Ja";"Ja";"Gas"
164400;140,83983649201;1;"Ja";"Ja";"Gas"
340000;263,47082868822;12;"Ja";"Ja";"Gas"
139900;116,68524712003;15;"Ja";"Nein";"Gas"
279900;217,391304347826;6;"Ja";"Ja";"Gas"
225000;197,788926049796;0;"Ja";"Ja";"Gas"
144500;124,767744332962;15;"Ja";"Ja";"Gas"
362710;275,269416573764;0;"Ja";"Ja";"Gas"
247000;196,395392047566;13;"Ja";"Ja";"Gas"
120000;106,280193236715;16;"Ja";"Ja";"Strom"
136000;91,7874396135266;33;"Nein";"Ja";"Oel"
228500;137,030843552583;9;"Nein";"Nein";"Gas"
162800;115,849126718692;10;"Nein";"Nein";"Gas"
230000;177,629134150873;48;"Nein";"Ja";"Gas"
115800;133,779264214047;23;"Nein";"Nein";"Oel"
175000;148,272017837235;16;"Ja";"Ja";"Gas"
263008;247,584541062802;0;"Ja";"Ja";"Gas"
146000;184,318097361576;35;"Nein";"Nein";"Gas"
204900;150,130063173541;10;"Ja";"Nein";"Gas"
265000;178,09364548495;9;"Nein";"Ja";"Gas"
167500;240,802675585284;37;"Nein";"Ja";"Oel"
205000;171,404682274248;6;"Nein";"Ja";"Gas"
170000;126,347082868822;53;"Ja";"Nein";"Oel"
176000;154,589371980676;35;"Ja";"Ja";"Gas"
132000;102,006688963211;15;"Ja";"Ja";"Gas"
115500;112,783351913787;17;"Nein";"Nein";"Strom"
150000;97,1757710888146;93;"Nein";"Nein";"Strom"
120000;106,280193236715;103;"Nein";"Nein";"Oel"
125000;105,908584169454;16;"Ja";"Ja";"Gas"
150000;114,455592716462;14;"Nein";"Ja";"Gas"
362360;280,564845782237;0;"Ja";"Ja";"Gas"
133500;140,096618357488;19;"Nein";"Ja";"Gas"
91000;84,726867335563;19;"Nein";"Ja";"Strom"
104000;140,096618357488;18;"Nein";"Nein";"Strom"
148000;145,020438498699;17;"Nein";"Ja";"Gas"
182000;243,86845039019;30;"Nein";"Ja";"Gas"
152500;86,9565217391304;30;"Nein";"Ja";"Gas"
97000;84,726867335563;19;"Nein";"Nein";"Strom"
113000;138,610182088443;16;"Nein";"Nein";"Strom"
172000;148,550724637681;30;"Nein";"Ja";"Gas"
179900;214,046822742475;25;"Nein";"Ja";"Strom"
84000;84,726867335563;19;"Nein";"Nein";"Strom"
117900;128,669639539205;17;"Ja";"Ja";"Gas"
177000;145,020438498699;17;"Nein";"Nein";"Strom"
107500;82,1256038647343;20;"Nein";"Nein";"Gas"
92500;84,726867335563;18;"Nein";"Nein";"Strom"
102900;84,726867335563;17;"Nein";"Nein";"Gas"
134800;128,576737272389;73;"Nein";"Nein";"Oel"
150000;123,931623931624;7;"Nein";"Nein";"Gas"
165000;133,12894834634;10;"Ja";"Ja";"Gas"
120000;138,610182088443;16;"Nein";"Ja";"Strom"
177500;145,020438498699;16;"Ja";"Ja";"Gas"
300000;86,9565217391304;11;"Nein";"Nein";"Strom"
123500;138,610182088443;16;"Nein";"Ja";"Strom"
141000;172,14790040877;18;"Nein";"Nein";"Strom"
105400;115,198810850985;15;"Nein";"Nein";"Strom"
100600;84,726867335563;19;"Nein";"Nein";"Strom"
108900;84,726867335563;19;"Nein";"Nein";"Gas"
105500;84,726867335563;19;"Nein";"Nein";"Gas"
109900;109,996283909327;19;"Nein";"Nein";"Gas"
172700;152,173913043478;18;"Nein";"Ja";"Strom"
166500;140,096618357488;16;"Nein";"Ja";"Strom"
105000;62,4303232998885;50;"Nein";"Nein";"Strom"
490000;125,046451133408;18;"Nein";"Ja";"Oel"
120000;109,996283909327;18;"Nein";"Nein";"Strom"
107500;84,726867335563;16;"Nein";"Nein";"Gas"
116600;84,726867335563;18;"Nein";"Ja";"Strom"
65000;91,7874396135266;19;"Nein";"Nein";"Gas"
118000;109,996283909327;19;"Nein";"Nein";"Gas"
115900;128,669639539205;16;"Nein";"Nein";"Strom"
100000;84,726867335563;18;"Nein";"Nein";"Gas"
171000;143,8127090301;18;"Ja";"Ja";"Gas"
188000;145,020438498699;17;"Nein";"Nein";"Strom"
140000;93,6454849498328;24;"Ja";"Nein";"Gas"
124500;128,669639539205;17;"Nein";"Nein";"Strom"
107200;84,3552582683018;19;"Nein";"Nein";"Gas"
107500;208,658491267187;138;"Nein";"Nein";"Oel"
180000;169,082125603865;16;"Nein";"Ja";"Gas"
214325;237,272389446302;0;"Ja";"Ja";"Gas"
128850;76,5514678558157;16;"Nein";"Nein";"Strom"
208700;228,353771832033;0;"Nein";"Ja";"Gas"
139900;123,002601263471;22;"Nein";"Nein";"Strom"
350000;270,903010033445;12;"Ja";"Ja";"Gas"
108000;95,8751393534002;19;"Nein";"Nein";"Strom"
115500;84,726867335563;16;"Nein";"Ja";"Strom"
135000;122,63099219621;35;"Nein";"Nein";"Strom"
135000;140,096618357488;17;"Nein";"Ja";"Gas"
107400;84,726867335563;16;"Nein";"Ja";"Strom"
233000;189,520624303233;12;"Ja";"Ja";"Gas"
105000;84,726867335563;17;"Nein";"Ja";"Strom"
335000;164,994425863991;10;"Ja";"Nein";"Oel"
139000;121,144555927165;25;"Nein";"Nein";"Strom"
209500;170,56856187291;10;"Ja";"Ja";"Gas"
101000;84,726867335563;18;"Nein";"Nein";"Strom"
77500;84,726867335563;19;"Nein";"Nein";"Strom"
150500;141,861761426979;16;"Nein";"Ja";"Strom"
167000;135,079895949461;17;"Nein";"Nein";"Strom"
114000;157,933853586028;26;"Nein";"Ja";"Oel"
160000;156,075808249721;27;"Nein";"Nein";"Strom"
85000;223,05834262356;0;"Ja";"Ja";"Gas"
143000;109,253065774805;21;"Nein";"Nein";"Strom"
126000;124,860646599777;24;"Nein";"Ja";"Strom"
140000;124,860646599777;23;"Nein";"Nein";"Strom"
140000;159,234485321442;9;"Nein";"Nein";"Gas"
205000;185,061315496098;20;"Nein";"Ja";"Gas"
79900;85,8416945373467;19;"Ja";"Nein";"Gas"
139000;119,84392419175;24;"Ja";"Ja";"Gas"
190000;234,206614641397;36;"Nein";"Ja";"Gas"
151500;127,926421404682;58;"Nein";"Ja";"Oel"
97500;114,920104050539;19;"Ja";"Ja";"Gas"
194500;214,604236343367;41;"Ja";"Ja";"Gas"
195160;173,076923076923;0;"Nein";"Ja";"Gas"
152500;157,28353771832;26;"Ja";"Ja";"Gas"
159500;156,447417316983;26;"Ja";"Ja";"Gas"
185000;147,250092902267;16;"Ja";"Ja";"Strom"
240000;212,746191007061;8;"Ja";"Ja";"Gas"
187900;228,911185432925;32;"Ja";"Ja";"Gas"
262000;236,807878112226;5;"Ja";"Ja";"Gas"
212500;215,161649944259;6;"Ja";"Ja";"Gas"
220000;241,545893719807;18;"Ja";"Ja";"Gas"
245000;248,699368264586;15;"Ja";"Ja";"Gas"
120000;137,402452619844;19;"Ja";"Nein";"Strom"
102500;105,722779635823;16;"Ja";"Nein";"Strom"
136000;146,413972500929;24;"Nein";"Nein";"Gas"
212500;193,608324043107;10;"Ja";"Ja";"Gas"
205900;160,349312523226;26;"Ja";"Ja";"Gas"
259900;171,962095875139;2;"Ja";"Ja";"Gas"
191500;214,604236343367;30;"Nein";"Ja";"Gas"
272500;272,203641768859;0;"Nein";"Ja";"Gas"
191500;239,316239316239;33;"Nein";"Ja";"Gas"
158000;154,589371980676;36;"Nein";"Ja";"Gas"
195000;114,920104050539;24;"Nein";"Nein";"Strom"
187500;247,305834262356;29;"Ja";"Ja";"Gas"
160000;146,321070234114;35;"Nein";"Ja";"Gas"
137500;145,484949832776;12;"Ja";"Nein";"Gas"
109900;123,188405797101;16;"Ja";"Ja";"Gas"
85000;137,495354886659;18;"Nein";"Nein";"Gas"
184350;200,761798587886;0;"Nein";"Ja";"Gas"
134500;125,6038647343;10;"Ja";"Ja";"Gas"
154900;153,102935711631;33;"Ja";"Nein";"Gas"
255000;272,761055369751;25;"Ja";"Ja";"Gas"
238600;223,337049424006;1;"Nein";"Ja";"Gas"
106000;161,464139725009;36;"Nein";"Nein";"Gas"
625000;485,693050910442;14;"Ja";"Ja";"Gas"
195000;239,316239316239;34;"Nein";"Ja";"Gas"
168500;147,342995169082;34;"Nein";"Ja";"Gas"
87000;137,495354886659;19;"Nein";"Nein";"Strom"
215000;178,09364548495;15;"Nein";"Ja";"Gas"
197500;180,044593088071;30;"Ja";"Ja";"Gas"
215000;196,023782980305;3;"Ja";"Ja";"Gas"
118000;137,402452619844;19;"Nein";"Nein";"Gas"
187900;239,316239316239;34;"Nein";"Ja";"Gas"
275000;227,146042363434;18;"Ja";"Ja";"Gas"
249900;202,991452991453;14;"Ja";"Ja";"Gas"
270000;193,050910442215;18;"Ja";"Ja";"Strom"
157900;155,518394648829;37;"Nein";"Ja";"Gas"
120000;114,083983649201;19;"Nein";"Nein";"Strom"
126400;127,740616871052;22;"Ja";"Ja";"Strom"
220000;153,288740245262;16;"Ja";"Ja";"Gas"
180000;159,606094388703;31;"Ja";"Ja";"Gas"
203600;239,316239316239;33;"Nein";"Ja";"Gas"
249900;211,817168338907;4;"Nein";"Ja";"Gas"
193000;193,979933110368;18;"Nein";"Ja";"Gas"
215000;178,09364548495;15;"Nein";"Ja";"Gas"
201000;291,713117800074;29;"Nein";"Ja";"Gas"
65000;95,5964325529543;73;"Nein";"Nein";"Gas"
195000;176,142697881828;36;"Ja";"Ja";"Gas"
215900;214,604236343367;38;"Nein";"Ja";"Gas"
92000;85,8416945373467;17;"Nein";"Ja";"Strom"
155000;193,236714975845;25;"Ja";"Ja";"Gas"
123500;114,920104050539;22;"Ja";"Ja";"Strom"
110400;119,565217391304;29;"Ja";"Nein";"Gas"
198900;171,590486807878;18;"Nein";"Ja";"Gas"
150000;98,8480118914902;49;"Ja";"Nein";"Gas"
104000;137,495354886659;18;"Ja";"Ja";"Gas"
245000;228,725380899294;23;"Ja";"Ja";"Gas"
180000;206,986250464511;17;"Nein";"Ja";"Gas"
154300;117,056856187291;61;"Nein";"Nein";"Gas"
170000;144,834633965069;30;"Nein";"Ja";"Gas"
219000;183,946488294314;25;"Ja";"Ja";"Gas"
295000;221,107395020439;9;"Nein";"Ja";"Gas"
181500;175,306577480491;27;"Nein";"Ja";"Gas"
260000;202,991452991453;133;"Nein";"Ja";"Gas"
239900;231,140839836492;15;"Ja";"Ja";"Strom"
135500;107,023411371237;56;"Nein";"Nein";"Gas"
191500;188,127090301003;15;"Nein";"Ja";"Gas"
225000;234,206614641397;37;"Nein";"Ja";"Gas"
98500;137,495354886659;18;"Ja";"Nein";"Gas"
110500;137,495354886659;17;"Ja";"Ja";"Gas"
290000;219,435154217763;7;"Nein";"Ja";"Gas"
184400;177,443329617243;31;"Ja";"Ja";"Gas"
178500;181,345224823486;12;"Nein";"Ja";"Oel"
415000;311,965811965812;9;"Ja";"Ja";"Gas"
244900;194,165737643999;26;"Ja";"Ja";"Gas"
150000;182,552954292085;35;"Ja";"Ja";"Gas"
168000;196,023782980305;33;"Ja";"Ja";"Gas"
159000;135,265700483092;43;"Nein";"Nein";"Gas"
127000;137,402452619844;18;"Nein";"Nein";"Gas"
175000;174,098848011892;29;"Nein";"Ja";"Gas"
255250;195,001858045336;0;"Nein";"Ja";"Gas"
175000;173,913043478261;33;"Nein";"Ja";"Gas"
235000;221,850613154961;17;"Ja";"Ja";"Strom"
324000;261,241174284653;18;"Ja";"Ja";"Gas"
173000;98,8480118914902;11;"Nein";"Ja";"Gas"
116900;127,740616871052;20;"Ja";"Nein";"Gas"
105900;137,495354886659;19;"Nein";"Nein";"Strom"
112000;117,056856187291;25;"Ja";"Ja";"Gas"
235000;193,794128576737;15;"Ja";"Ja";"Gas"
235000;240,431066518023;9;"Nein";"Ja";"Oel"
130000;137,495354886659;18;"Nein";"Nein";"Strom"
235000;162,764771460424;10;"Nein";"Ja";"Gas"
191900;247,120029728725;32;"Nein";"Ja";"Gas"
284900;224,544778892605;20;"Ja";"Ja";"Gas"
335000;259,476031215162;21;"Ja";"Ja";"Gas"
140000;107,023411371237;78;"Nein";"Nein";"Oel"
191000;217,762913415087;29;"Nein";"Ja";"Gas"
153000;178,929765886288;33;"Ja";"Ja";"Gas"
196000;205,128205128205;35;"Ja";"Ja";"Gas"
248000;205,128205128205;16;"Ja";"Ja";"Gas"
240000;251,57933853586;35;"Nein";"Ja";"Gas"
132000;106,094388703084;18;"Ja";"Nein";"Gas"
199000;234,94983277592;32;"Ja";"Ja";"Gas"
217000;166,945373467113;20;"Nein";"Nein";"Strom"
167000;149,665551839465;31;"Nein";"Ja";"Gas"
245000;239,316239316239;13;"Ja";"Ja";"Gas"
358000;246,469713861018;10;"Ja";"Nein";"Gas"
412500;361,947231512449;13;"Ja";"Ja";"Gas"
208000;147,250092902267;16;"Ja";"Ja";"Gas"
270000;257,710888145671;10;"Ja";"Ja";"Gas"
100000;119,193608324043;54;"Nein";"Ja";"Gas"
130000;105,536975102192;29;"Nein";"Nein";"Oel"
182500;176,142697881828;32;"Nein";"Ja";"Gas"
139000;142,697881828317;55;"Nein";"Ja";"Gas"
104000;137,495354886659;19;"Nein";"Ja";"Strom"
221000;194,72315124489;14;"Ja";"Ja";"Gas"
260000;215,904868078781;8;"Ja";"Nein";"Gas"
182500;193,14381270903;29;"Nein";"Ja";"Gas"
196000;177,536231884058;33;"Ja";"Ja";"Gas"
132000;137,495354886659;18;"Ja";"Ja";"Gas"
224900;205,128205128205;25;"Nein";"Ja";"Gas"
199900;135,823114083984;9;"Nein";"Nein";"Gas"
165835;166,666666666667;38;"Nein";"Ja";"Gas"
189000;175,213675213675;38;"Nein";"Ja";"Gas"
89900;100,334448160535;19;"Nein";"Nein";"Strom"
235000;239,316239316239;34;"Ja";"Ja";"Gas"
166000;140,096618357488;26;"Nein";"Ja";"Gas"
153100;155,332590115199;35;"Nein";"Ja";"Gas"
162000;161,557041991825;35;"Ja";"Ja";"Gas"
224000;285,581568190264;40;"Nein";"Ja";"Gas"
222400;183,574879227053;3;"Nein";"Ja";"Gas"
199000;213,861018208844;37;"Nein";"Ja";"Gas"
166000;137,495354886659;13;"Ja";"Ja";"Gas"
149900;89,1861761426979;11;"Nein";"Nein";"Gas"
152000;146,971386101821;16;"Nein";"Nein";"Strom"
162500;148,643626904496;154;"Nein";"Nein";"Oel"
274900;215,53325901152;5;"Nein";"Nein";"Gas"
100000;96,0609438870308;14;"Nein";"Nein";"Gas"
215000;138,238573021182;19;"Nein";"Nein";"Strom"
124000;98,1047937569677;17;"Nein";"Nein";"Strom"
125000;80,2675585284281;128;"Nein";"Nein";"Oel"
138000;144,184318097362;19;"Nein";"Ja";"Strom"
225000;168,710516536604;11;"Nein";"Ja";"Gas"
180000;142,140468227425;20;"Ja";"Ja";"Gas"
189900;163,136380527685;14;"Ja";"Nein";"Gas"
435000;391,211445559272;25;"Nein";"Ja";"Gas"
120000;204,942400594575;10;"Nein";"Ja";"Oel"
163000;101,449275362319;64;"Nein";"Nein";"Oel"
131000;148,086213303605;114;"Nein";"Nein";"Oel"
126500;137,495354886659;15;"Nein";"Ja";"Gas"
122500;137,495354886659;15;"Ja";"Ja";"Gas"
425000;278,985507246377;88;"Ja";"Ja";"Gas"
225000;201,040505388331;54;"Nein";"Nein";"Oel"
209000;141,118543292456;19;"Nein";"Nein";"Oel"
189100;149,015235971758;15;"Ja";"Ja";"Oel"
285000;130,063173541434;25;"Nein";"Ja";"Strom"
266600;162,764771460424;12;"Nein";"Nein";"Gas"
80000;81,7539947974731;32;"Nein";"Nein";"Strom"
225000;115,198810850985;14;"Nein";"Nein";"Oel"
159000;140,65403195838;17;"Nein";"Ja";"Gas"
119900;78,0379041248606;2;"Ja";"Nein";"Gas"
130900;78,0379041248606;1;"Ja";"Nein";"Gas"
194670;240,802675585284;124;"Nein";"Nein";"Gas"
72000;93,8312894834634;121;"Nein";"Nein";"Gas"
144700;128,205128205128;2;"Nein";"Nein";"Gas"
139500;126,904496469714;3;"Ja";"Nein";"Gas"
319000;156,168710516537;5;"Ja";"Ja";"Gas"
348000;189,241917502787;14;"Nein";"Ja";"Oel"
189900;238,758825715347;16;"Nein";"Nein";"Oel"
20000;86,9565217391304;59;"Nein";"Nein";"Oel"
60000;89,1861761426979;13;"Nein";"Nein";"Gas"
179500;125,6038647343;11;"Nein";"Ja";"Oel"
133300;98,4764028242289;118;"Nein";"Nein";"Gas"
153000;140,096618357488;6;"Nein";"Nein";"Oel"
111900;118,171683389075;54;"Nein";"Ja";"Oel"
187000;221,943515421776;18;"Nein";"Nein";"Oel"
158500;112,411742846525;17;"Nein";"Ja";"Gas"
153000;114,269788182832;52;"Nein";"Ja";"Oel"
190000;170,196952805648;47;"Nein";"Ja";"Oel"
242000;172,240802675585;27;"Nein";"Ja";"Oel"
234500;210,702341137124;164;"Nein";"Nein";"Oel"
225000;167,874396135266;29;"Nein";"Ja";"Oel"
165000;118,171683389075;48;"Nein";"Ja";"Gas"
129900;144,927536231884;12;"Ja";"Ja";"Gas"
315000;173,076923076923;15;"Ja";"Ja";"Gas"
129900;104,050538833148;64;"Nein";"Nein";"Oel"
257000;170,196952805648;15;"Ja";"Ja";"Gas"
324000;194,351542177629;0;"Ja";"Ja";"Oel"
520000;251,021924934968;13;"Nein";"Ja";"Oel"
150414;96,6183574879227;32;"Nein";"Ja";"Oel"
290000;163,322185061316;13;"Ja";"Ja";"Gas"
112000;216,090672612412;116;"Nein";"Nein";"Oel"
185000;217,391304347826;13;"Nein";"Nein";"Strom"
295000;191,192865105909;1;"Nein";"Ja";"Oel"
290000;87,6997398736529;33;"Nein";"Ja";"Oel"
79900;59,4574507617986;44;"Nein";"Nein";"Strom"
256000;218,599033816425;6;"Ja";"Ja";"Gas"
245000;189,334819769602;7;"Nein";"Ja";"Gas"
140000;136,473429951691;32;"Ja";"Nein";"Gas"
272000;206,150130063174;10;"Nein";"Ja";"Gas"
164000;164,80862133036;16;"Nein";"Nein";"Gas"
182500;120,401337792642;51;"Ja";"Ja";"Oel"
219900;212,653288740245;124;"Nein";"Ja";"Oel"
325000;228,818283166109;134;"Nein";"Ja";"Gas"
352000;290,41248606466;2;"Ja";"Nein";"Oel"
315000;236,900780379041;15;"Nein";"Nein";"Oel"
154000;109,810479375697;49;"Ja";"Nein";"Oel"
199000;175,585284280936;48;"Ja";"Ja";"Oel"
202000;180,602006688963;12;"Nein";"Ja";"Oel"
292000;261,519881085099;6;"Nein";"Ja";"Gas"
116600;96,6183574879227;11;"Nein";"Ja";"Strom"
155000;152,173913043478;25;"Nein";"Nein";"Oel"
215000;204,942400594575;13;"Nein";"Ja";"Gas"
373490;294,500185804534;0;"Nein";"Ja";"Gas"
259142;216,276477146042;0;"Ja";"Ja";"Gas"
293565;254,273504273504;0;"Nein";"Ja";"Gas"
285558;267,465626161278;0;"Nein";"Nein";"Gas"
273960;200,48309178744;1;"Ja";"Ja";"Gas"
185000;124,117428465255;11;"Ja";"Ja";"Gas"
190000;148,086213303605;4;"Nein";"Nein";"Gas"
171000;148,922333704942;11;"Ja";"Nein";"Gas"
208000;203,45596432553;11;"Ja";"Nein";"Gas"
168000;137,309550353029;10;"Ja";"Ja";"Gas"
165000;125,232255667038;10;"Ja";"Nein";"Gas"
138500;144,741731698253;36;"Ja";"Ja";"Gas"
179900;146,228167967298;13;"Nein";"Ja";"Gas"
180000;149,75845410628;13;"Ja";"Nein";"Gas"
112000;112,969156447417;129;"Nein";"Nein";"Gas"
152000;209,58751393534;124;"Ja";"Nein";"Gas"
100000;108,695652173913;28;"Nein";"Ja";"Oel"
154000;135,265700483092;29;"Nein";"Nein";"Oel"
133000;122,63099219621;29;"Nein";"Nein";"Strom"
285000;192,865105908584;14;"Ja";"Ja";"Gas"
138000;123,188405797101;22;"Nein";"Nein";"Strom"
303000;208,101077666295;20;"Nein";"Ja";"Strom"
250000;195,094760312152;19;"Ja";"Ja";"Gas"
167500;104,886659234485;27;"Nein";"Nein";"Oel"
190000;213,303604607952;19;"Ja";"Ja";"Gas"
182500;137,030843552583;20;"Nein";"Ja";"Gas"
107000;117,800074321813;20;"Nein";"Ja";"Gas"
195000;168,710516536604;15;"Nein";"Ja";"Gas"
169000;151,616499442586;30;"Nein";"Ja";"Gas"
156000;116,499442586399;11;"Nein";"Nein";"Gas"
120000;118,171683389075;30;"Nein";"Nein";"Gas"
170000;149,015235971758;29;"Ja";"Nein";"Gas"
249835;229,840208101078;0;"Ja";"Ja";"Gas"
188095;191,099962839093;0;"Ja";"Ja";"Gas"
176450;172,054998141955;6;"Ja";"Nein";"Strom"
322277;208,286882199926;1;"Ja";"Nein";"Gas"
149000;145,299145299145;32;"Nein";"Ja";"Gas"
95000;89,1861761426979;24;"Nein";"Nein";"Strom"
198500;156,075808249721;63;"Ja";"Nein";"Gas"
185000;132,664437012263;3;"Ja";"Ja";"Gas"
168900;155,332590115199;0;"Ja";"Nein";"Gas"
220000;212,188777406169;29;"Ja";"Ja";"Gas"
129900;119,472315124489;31;"Ja";"Ja";"Gas"
167000;116,127833519138;53;"Nein";"Nein";"Gas"
330000;176,142697881828;113;"Nein";"Nein";"Oel"
336000;240,802675585284;1;"Ja";"Nein";"Gas"
512971;176,885916016351;0;"Ja";"Ja";"Gas"
229000;156,075808249721;3;"Ja";"Nein";"Gas"
145000;107,023411371237;38;"Nein";"Ja";"Gas"
103000;119,84392419175;16;"Ja";"Ja";"Strom"
210000;222,593831289483;93;"Nein";"Ja";"Gas"
559000;287,068004459309;55;"Ja";"Ja";"Gas"
218000;132,664437012263;142;"Nein";"Nein";"Oel"
262138;151,523597175771;0;"Ja";"Ja";"Gas"
125000;127,090301003344;33;"Nein";"Nein";"Gas"
130000;105,351170568562;36;"Nein";"Nein";"Gas"
157500;157,655146785582;27;"Ja";"Ja";"Gas"
193000;154,775176514307;6;"Ja";"Ja";"Gas"
275000;161,464139725009;78;"Ja";"Ja";"Oel"
240000;135,358602749907;103;"Nein";"Nein";"Gas"
200136;151,616499442586;0;"Ja";"Ja";"Gas"
395000;203,084355258268;12;"Ja";"Nein";"Gas"
366703;196,674098848012;0;"Ja";"Ja";"Strom"
103150;86,9565217391304;32;"Nein";"Ja";"Gas"
310000;310,943887030844;169;"Nein";"Ja";"Gas"
142900;169,453734671126;32;"Ja";"Ja";"Gas"
359770;240,802675585284;1;"Ja";"Nein";"Gas"
126000;100,334448160535;64;"Nein";"Nein";"Oel"
760000;292,456335934597;2;"Ja";"Nein";"Gas"
282500;197,69602378298;150;"Nein";"Ja";"Gas"
132000;150,130063173541;18;"Nein";"Nein";"Gas"
325000;307,785209959123;5;"Ja";"Ja";"Gas"
207000;216,183574879227;25;"Nein";"Ja";"Gas"
155000;152,359717577109;32;"Ja";"Ja";"Gas"
330000;132,014121144556;73;"Nein";"Nein";"Gas"
101760;118,914901523597;103;"Nein";"Ja";"Gas"
496000;322,092159048681;3;"Ja";"Ja";"Gas"
185000;116,127833519138;83;"Nein";"Nein";"Gas"
125000;127,090301003344;33;"Nein";"Nein";"Gas"
286000;129,691564474173;1;"Nein";"Nein";"Gas"
269000;186,176142697882;15;"Ja";"Ja";"Gas"
303374;208,286882199926;1;"Ja";"Nein";"Gas"
371165;258,825715347454;0;"Nein";"Ja";"Gas"
287600;208,286882199926;0;"Ja";"Nein";"Gas"
131000;130,434782608696;33;"Nein";"Nein";"Gas"
187000;148,643626904496;25;"Ja";"Ja";"Gas"
169000;130,806391675957;103;"Nein";"Nein";"Gas"
133500;90,3010033444816;37;"Nein";"Nein";"Gas"
620000;451,133407655147;14;"Ja";"Ja";"Oel"
549254;268,02303976217;0;"Ja";"Ja";"Gas"
280000;144,927536231884;82;"Nein";"Nein";"Gas"
135000;136,752136752137;33;"Nein";"Nein";"Gas"
195388;197,324414715719;0;"Ja";"Ja";"Gas"
337020;200,854700854701;1;"Ja";"Ja";"Gas"
330850;233,649201040505;0;"Nein";"Ja";"Gas"
248495;213,117800074322;0;"Ja";"Ja";"Gas"
120000;162,021553325901;123;"Nein";"Nein";"Gas"
240000;187,848383500557;0;"Ja";"Ja";"Gas"
235000;146,59977703456;34;"Ja";"Nein";"Gas"
500075;315,867707172055;0;"Ja";"Nein";"Gas"
240000;162,021553325901;13;"Ja";"Ja";"Gas"
270000;237,829803047194;0;"Ja";"Ja";"Gas"
225000;129,877369007804;51;"Ja";"Nein";"Gas"
280000;231,698253437384;0;"Ja";"Nein";"Gas"
225000;205,128205128205;27;"Ja";"Ja";"Gas"
248220;236,900780379041;0;"Ja";"Ja";"Gas"
275000;168,338907469342;16;"Ja";"Ja";"Gas"
137000;119,84392419175;50;"Nein";"Nein";"Gas"
150000;108,881456707544;16;"Nein";"Nein";"Gas"
649000;383,500557413601;10;"Ja";"Ja";"Gas"
195000;168,710516536604;17;"Ja";"Ja";"Strom"
373200;244,147157190635;4;"Nein";"Ja";"Gas"
169450;116,499442586399;0;"Ja";"Ja";"Gas"
144200;154,217762913415;113;"Nein";"Ja";"Gas"
189900;171,869193608324;43;"Nein";"Ja";"Gas"
166000;116,87105165366;0;"Ja";"Nein";"Gas"
160000;113,247863247863;0;"Ja";"Nein";"Gas"
327355;171,869193608324;14;"Ja";"Ja";"Gas"
247000;195,373467112598;9;"Nein";"Nein";"Gas"
318000;167,78149386845;3;"Ja";"Ja";"Gas"
341000;155,518394648829;52;"Nein";"Ja";"Gas"
288650;208,286882199926;0;"Ja";"Nein";"Gas"
157000;130,806391675957;103;"Nein";"Nein";"Gas"
449000;321,163136380528;20;"Ja";"Ja";"Strom"
142000;160,535117056856;28;"Nein";"Nein";"Gas"
389000;218,69193608324;16;"Ja";"Ja";"Strom"
476000;208,658491267187;4;"Ja";"Ja";"Gas"
249230;176,70011148272;0;"Ja";"Ja";"Gas"
139900;109,438870308436;30;"Nein";"Nein";"Gas"
301900;269,044964697139;0;"Ja";"Ja";"Gas"
425000;228,260869565217;24;"Ja";"Ja";"Gas"
121000;86,9565217391304;32;"Nein";"Nein";"Gas"
150000;86,7707172054998;123;"Nein";"Nein";"Gas"
138000;118,821999256782;30;"Nein";"Ja";"Gas"
199900;175,399479747306;6;"Nein";"Nein";"Gas"
145000;156,633221850613;33;"Nein";"Ja";"Gas"
465000;214,604236343367;22;"Ja";"Ja";"Gas"
158000;111,482720178372;1;"Ja";"Nein";"Gas"
375000;180,602006688963;50;"Ja";"Ja";"Gas"
147783;109,996283909327;51;"Nein";"Nein";"Strom"
339000;185,804533630621;3;"Ja";"Ja";"Gas"
267000;162,021553325901;14;"Ja";"Ja";"Gas"
290000;150,501672240803;3;"Ja";"Ja";"Gas"
271295;219,156447417317;1;"Ja";"Nein";"Gas"
278140;207,172054998142;1;"Ja";"Nein";"Gas"
138000;106,558900037161;94;"Nein";"Nein";"Gas"
367500;204,849498327759;2;"Ja";"Ja";"Gas"
428500;301,282051282051;4;"Ja";"Nein";"Gas"
140000;132,943143812709;34;"Nein";"Nein";"Gas"
140000;86,9565217391304;35;"Nein";"Nein";"Gas"
145000;127,090301003344;33;"Ja";"Nein";"Gas"
280000;167,224080267559;16;"Ja";"Ja";"Strom"
190400;178,372352285396;16;"Nein";"Ja";"Gas"
267000;131,549609810479;83;"Nein";"Nein";"Gas"
164900;57,2277963582311;77;"Nein";"Nein";"Gas"
280000;138,238573021182;79;"Nein";"Nein";"Gas"
225000;122,63099219621;84;"Nein";"Ja";"Oel"
148000;116,127833519138;18;"Ja";"Nein";"Gas"
165000;119,472315124489;32;"Ja";"Ja";"Gas"
340455;268,115942028986;0;"Ja";"Ja";"Gas"
133000;118,821999256782;36;"Nein";"Ja";"Gas"
115540;99,7770345596433;104;"Nein";"Nein";"Gas"
240000;121,144555927165;52;"Nein";"Ja";"Gas"
600000;296,451133407655;17;"Ja";"Ja";"Gas"
71500;98,1047937569677;44;"Nein";"Nein";"Gas"
189900;136,380527684876;18;"Ja";"Ja";"Gas"
325000;148,457822370866;115;"Nein";"Nein";"Gas"
280000;107,76662950576;84;"Nein";"Nein";"Gas"
255000;95,503530286139;104;"Nein";"Nein";"Gas"
300000;187,105165366035;104;"Nein";"Nein";"Gas"
106000;120,401337792642;34;"Nein";"Nein";"Gas"
139000;86,5849126718692;56;"Nein";"Nein";"Gas"
165000;119,84392419175;15;"Nein";"Ja";"Gas"
169000;134,522482348569;19;"Nein";"Nein";"Gas"
159400;127,090301003344;29;"Nein";"Nein";"Gas"
300000;282,980304719435;25;"Nein";"Ja";"Gas"
161000;118,171683389075;32;"Nein";"Nein";"Gas"
230500;169,267930137495;18;"Ja";"Nein";"Gas"
220000;146,692679301375;31;"Ja";"Nein";"Gas"
177900;154,217762913415;32;"Nein";"Ja";"Gas"
350000;227,796358231141;36;"Nein";"Ja";"Oel"
335000;186,176142697882;94;"Ja";"Nein";"Gas"
597185;391,118543292456;0;"Ja";"Ja";"Gas"
173000;152,359717577109;32;"Ja";"Nein";"Gas"
518000;264,492753623188;144;"Nein";"Ja";"Gas"
212000;168,710516536604;18;"Ja";"Ja";"Gas"
149900;188,405797101449;19;"Nein";"Nein";"Oel"
140958;71,9992567818655;40;"Nein";"Nein";"Gas"
95000;127,090301003344;34;"Nein";"Nein";"Gas"
161600;86,9565217391304;34;"Nein";"Nein";"Gas"
351400;156,075808249721;1;"Ja";"Ja";"Gas"
155000;127,090301003344;33;"Nein";"Nein";"Gas"
198500;123,188405797101;34;"Ja";"Ja";"Gas"
276000;146,692679301375;62;"Ja";"Ja";"Oel"
167000;119,472315124489;32;"Nein";"Nein";"Gas"
227000;198,067632850242;25;"Ja";"Ja";"Gas"
405100;185,804533630621;3;"Ja";"Ja";"Gas"
395000;206,428836863619;3;"Ja";"Nein";"Gas"
360000;245,354886659234;99;"Nein";"Nein";"Gas"
775000;229,654403567447;5;"Ja";"Ja";"Gas"
285000;178,929765886288;16;"Ja";"Ja";"Strom"
300000;142,512077294686;4;"Ja";"Nein";"Gas"
214000;138,424377554812;39;"Nein";"Nein";"Gas"
229000;104,607952434039;46;"Nein";"Ja";"Gas"
330000;133,31475287997;33;"Ja";"Nein";"Gas"
146000;105,536975102192;44;"Nein";"Nein";"Gas"
381500;200,854700854701;2;"Ja";"Ja";"Gas"
430000;216,276477146042;5;"Ja";"Ja";"Gas"
650000;255,852842809365;2;"Ja";"Ja";"Gas"
194500;139,725009290227;40;"Nein";"Nein";"Gas"
279000;229,747305834262;14;"Ja";"Ja";"Gas"
183000;192,493496841323;35;"Nein";"Ja";"Gas"
195000;137,495354886659;18;"Ja";"Ja";"Gas"
470000;194,72315124489;135;"Nein";"Ja";"Gas"
167000;97,5473801560758;80;"Nein";"Nein";"Gas"
309278;153,288740245262;17;"Ja";"Ja";"Gas"
217500;148,272017837235;26;"Ja";"Nein";"Gas"
200000;90,9513192121888;44;"Nein";"Nein";"Gas"
199995;129,412857673727;18;"Ja";"Nein";"Gas"
179000;80,2675585284281;44;"Nein";"Nein";"Gas"
329000;254,923820141211;1;"Ja";"Nein";"Gas"
374900;213,675213675214;15;"Ja";"Ja";"Gas"
165000;149,75845410628;34;"Nein";"Ja";"Gas"
647000;245,261984392419;14;"Ja";"Ja";"Gas"
315000;71,9992567818655;19;"Nein";"Nein";"Oel"
208000;229,468599033816;26;"Ja";"Ja";"Gas"
405000;290,226681531029;6;"Nein";"Ja";"Gas"
535000;302,30397621702;14;"Ja";"Ja";"Gas"
184020;143,441099962839;34;"Nein";"Nein";"Gas"
95000;130,992196209588;139;"Nein";"Nein";"Gas"
87550;84,1694537346711;44;"Nein";"Nein";"Gas"
131000;140,468227424749;66;"Nein";"Ja";"Gas"
127000;114,455592716462;77;"Nein";"Ja";"Gas"
104695;85,5629877369008;54;"Nein";"Nein";"Gas"
120000;119,565217391304;70;"Nein";"Nein";"Gas"
278500;241,545893719807;17;"Nein";"Nein";"Strom"
75500;120,958751393534;124;"Nein";"Nein";"Gas"
121900;106,280193236715;20;"Nein";"Nein";"Gas"
208000;158,212560386473;39;"Nein";"Nein";"Gas"
151000;144,277220364177;15;"Nein";"Ja";"Strom"
138000;96,6183574879227;15;"Nein";"Nein";"Strom"
229000;197,324414715719;11;"Nein";"Nein";"Gas"
130000;124,860646599777;13;"Nein";"Nein";"Gas"
89900;82,1256038647343;66;"Nein";"Nein";"Gas"
145000;168,338907469342;11;"Nein";"Nein";"Oel"
86000;81,7539947974731;43;"Nein";"Nein";"Gas"
95000;116,68524712003;134;"Nein";"Nein";"Gas"
195000;169,639539204757;15;"Ja";"Ja";"Gas"
107325;105,351170568562;126;"Nein";"Nein";"Gas"
131000;178,000743218135;41;"Nein";"Ja";"Gas"
166900;118,171683389075;3;"Nein";"Nein";"Gas"
127000;89,1861761426979;39;"Ja";"Nein";"Gas"
119000;107,023411371237;65;"Nein";"Nein";"Gas"
92509;78,0379041248606;13;"Nein";"Nein";"Gas"
174000;195,652173913043;34;"Nein";"Nein";"Gas"
180000;151,616499442586;10;"Nein";"Nein";"Gas"
155000;101,449275362319;9;"Nein";"Nein";"Gas"
146500;151,802303976217;25;"Ja";"Ja";"Gas"
162500;175,585284280936;26;"Ja";"Ja";"Gas"
210000;206,61464139725;32;"Nein";"Ja";"Gas"
165000;137,030843552583;22;"Nein";"Ja";"Strom"
123000;137,495354886659;16;"Nein";"Ja";"Gas"
150000;127,090301003344;36;"Nein";"Ja";"Gas"
128900;111,482720178372;7;"Nein";"Nein";"Gas"
88100;78,0379041248606;0;"Ja";"Nein";"Gas"
175000;109,253065774805;54;"Nein";"Nein";"Oel"
120975;128,205128205128;0;"Nein";"Nein";"Gas"
147543;165,923448532144;0;"Nein";"Nein";"Gas"
118000;137,495354886659;17;"Nein";"Nein";"Gas"
199000;146,228167967298;13;"Nein";"Ja";"Gas"
79900;88,2571534745448;154;"Nein";"Nein";"Oel"
279000;295,243403939056;14;"Ja";"Ja";"Gas"
90000;124,674842066146;16;"Nein";"Nein";"Gas"
91900;124,117428465255;20;"Ja";"Ja";"Strom"
153000;143,255295429208;10;"Nein";"Nein";"Gas"
170000;211,073950204385;11;"Nein";"Ja";"Oel"
145200;137,495354886659;15;"Nein";"Ja";"Gas"
296000;232,813080639168;8;"Nein";"Ja";"Gas"
150000;172,054998141955;1;"Nein";"Nein";"Oel"
86000;98,0118914901524;19;"Nein";"Ja";"Gas"
118000;129,319955406912;21;"Nein";"Nein";"Gas"
155000;149,386845039019;53;"Nein";"Ja";"Oel"
222500;145,299145299145;15;"Nein";"Ja";"Gas"
250000;192,121887774062;17;"Ja";"Ja";"Gas"
365000;233,742103307321;13;"Ja";"Nein";"Oel"
120000;156,447417316983;14;"Nein";"Nein";"Strom"
193000;137,588257153475;18;"Nein";"Nein";"Gas"
85568;92,809364548495;67;"Nein";"Nein";"Oel"
82000;83,240431066518;17;"Nein";"Nein";"Oel"
225000;73,5785953177258;50;"Nein";"Ja";"Oel"
240000;255,202526941657;34;"Nein";"Ja";"Oel"
234900;211,538461538462;1;"Ja";"Nein";"Gas"
112000;119,007803790412;19;"Ja";"Ja";"Gas"
261000;228,725380899294;14;"Ja";"Ja";"Gas"
400000;269,137866963954;9;"Ja";"Ja";"Gas"
310000;248,234856930509;4;"Ja";"Ja";"Strom"
182000;179,48717948718;21;"Nein";"Nein";"Gas"
187500;122,63099219621;11;"Nein";"Nein";"Gas"
405000;306,205871423263;6;"Ja";"Ja";"Gas"
420000;304,626532887402;6;"Ja";"Ja";"Gas"
359000;297,658862876254;4;"Ja";"Ja";"Gas"
120000;113,062058714233;16;"Ja";"Nein";"Strom"
171500;165,551839464883;37;"Nein";"Ja";"Gas"
159900;109,624674842066;16;"Ja";"Ja";"Gas"
186500;134,894091415831;16;"Ja";"Ja";"Strom"
260000;198,810850984764;13;"Ja";"Ja";"Gas"
115000;113,247863247863;16;"Ja";"Nein";"Strom"
191000;141,025641025641;39;"Nein";"Ja";"Gas"
355465;309,178743961353;0;"Ja";"Ja";"Gas"
339900;217,762913415087;10;"Ja";"Nein";"Gas"
90000;89,1861761426979;74;"Nein";"Nein";"Gas"
245000;143,441099962839;6;"Nein";"Nein";"Gas"
320900;266,908212560387;7;"Ja";"Ja";"Gas"
159000;109,624674842066;18;"Ja";"Ja";"Gas"
174900;127,090301003344;38;"Nein";"Nein";"Gas"
293500;176,885916016351;10;"Ja";"Ja";"Gas"
210000;122,63099219621;11;"Nein";"Nein";"Gas"
182500;148,086213303605;34;"Nein";"Ja";"Gas"
219900;171,590486807878;8;"Ja";"Ja";"Gas"
370000;290,319583797845;1;"Ja";"Ja";"Gas"
286000;186,176142697882;7;"Nein";"Ja";"Gas"
169900;150,780379041249;36;"Ja";"Ja";"Gas"
161000;104,050538833148;40;"Nein";"Nein";"Oel"
287000;219,528056484578;2;"Ja";"Ja";"Gas"
315000;238,944630248978;9;"Nein";"Ja";"Gas"
177000;143,8127090301;25;"Nein";"Nein";"Strom"
332000;253,994797473058;11;"Ja";"Nein";"Gas"
249000;135,823114083984;8;"Ja";"Ja";"Gas"
179000;144,741731698253;15;"Nein";"Nein";"Gas"
150000;154,589371980676;34;"Nein";"Nein";"Oel"
225000;174,377554812337;16;"Nein";"Ja";"Gas"
182000;170,75436640654;37;"Nein";"Ja";"Gas"
329900;219,992567818655;9;"Ja";"Ja";"Gas"
165000;195,466369379413;32;"Nein";"Ja";"Gas"
180000;109,624674842066;16;"Nein";"Nein";"Gas"
321000;222,872538089929;11;"Ja";"Ja";"Gas"
180000;114,455592716462;15;"Nein";"Ja";"Gas"
178000;109,624674842066;17;"Ja";"Nein";"Gas"
279900;187,848383500557;2;"Nein";"Ja";"Gas"
179000;126,718691936083;19;"Ja";"Ja";"Gas"
183000;124,767744332962;17;"Ja";"Ja";"Gas"
500000;138,610182088443;70;"Nein";"Nein";"Oel"
170000;92,809364548495;37;"Nein";"Ja";"Gas"
179000;195,280564845782;24;"Nein";"Ja";"Gas"
184900;153,846153846154;18;"Nein";"Ja";"Gas"
177500;145,020438498699;18;"Nein";"Nein";"Strom"
112500;91,7874396135266;19;"Nein";"Nein";"Strom"
180000;163,972500929023;17;"Nein";"Ja";"Gas"
10300;84,726867335563;20;"Nein";"Ja";"Strom"
137900;147,900408769974;17;"Nein";"Nein";"Strom"
144000;124,860646599777;54;"Nein";"Nein";"Strom"
131600;128,669639539205;17;"Nein";"Ja";"Strom"
123500;128,669639539205;17;"Nein";"Nein";"Strom"
123000;155,982905982906;17;"Nein";"Nein";"Strom"
109000;84,3552582683018;20;"Nein";"Nein";"Strom"
173000;141,861761426979;16;"Ja";"Ja";"Gas"
105000;84,726867335563;20;"Nein";"Nein";"Strom"
122500;109,996283909327;18;"Nein";"Nein";"Strom"
191000;159,698996655518;26;"Nein";"Ja";"Strom"
149000;100,334448160535;19;"Nein";"Ja";"Strom"
205000;196,767001114827;16;"Nein";"Ja";"Strom"
225000;234,764028242289;16;"Nein";"Nein";"Strom"
210000;147,900408769974;15;"Nein";"Ja";"Gas"
188900;120,215533259012;18;"Nein";"Nein";"Strom"
192000;183,389074693423;33;"Nein";"Ja";"Gas"
137500;91,7874396135266;17;"Nein";"Ja";"Strom"
200000;140,096618357488;20;"Nein";"Ja";"Gas"
126000;84,3552582683018;17;"Nein";"Nein";"Strom"
214500;177,443329617243;20;"Nein";"Ja";"Strom"
152000;84,726867335563;18;"Nein";"Nein";"Strom"
115000;84,726867335563;20;"Nein";"Nein";"Strom"
88000;91,7874396135266;19;"Nein";"Nein";"Strom"
170000;162,393162393162;20;"Nein";"Nein";"Strom"
137000;84,726867335563;18;"Nein";"Ja";"Strom"
145000;128,669639539205;17;"Nein";"Nein";"Strom"
202000;120,772946859903;15;"Nein";"Nein";"Gas"
130000;84,3552582683018;17;"Nein";"Nein";"Strom"
265000;176,51430694909;25;"Nein";"Nein";"Strom"
185000;203,548866592345;16;"Nein";"Ja";"Strom"
130000;100,334448160535;25;"Ja";"Ja";"Gas"
190000;120,772946859903;15;"Ja";"Ja";"Gas"
204000;228,353771832033;1;"Nein";"Ja";"Gas"
125000;96,6183574879227;22;"Nein";"Nein";"Strom"
349900;268,115942028986;0;"Nein";"Ja";"Gas"
142000;170,940170940171;8;"Nein";"Nein";"Gas"
132500;184,689706428837;19;"Nein";"Nein";"Strom"
220000;62,4303232998885;43;"Nein";"Nein";"Oel"
160000;140,468227424749;13;"Nein";"Nein";"Oel"
10300;84,726867335563;20;"Nein";"Ja";"Strom"
95000;84,726867335563;19;"Nein";"Nein";"Strom"
122055;128,669639539205;17;"Nein";"Nein";"Strom"
149000;140,096618357488;18;"Nein";"Ja";"Gas"
115000;128,669639539205;17;"Nein";"Nein";"Strom"
140000;151,244890375325;19;"Nein";"Nein";"Strom"
137900;147,900408769974;17;"Nein";"Nein";"Strom"
144000;124,860646599777;54;"Nein";"Nein";"Strom"
131600;128,669639539205;17;"Nein";"Ja";"Strom"
123500;128,669639539205;17;"Nein";"Nein";"Strom"
123000;155,982905982906;17;"Nein";"Nein";"Strom"
109000;84,3552582683018;20;"Nein";"Nein";"Strom"
173000;141,861761426979;16;"Ja";"Ja";"Gas"
105000;84,726867335563;20;"Nein";"Nein";"Strom"
122500;109,996283909327;18;"Nein";"Nein";"Strom"
191000;159,698996655518;26;"Nein";"Ja";"Strom"
149000;100,334448160535;19;"Nein";"Ja";"Strom"
205000;196,767001114827;16;"Nein";"Ja";"Strom"
225000;234,764028242289;16;"Nein";"Nein";"Strom"
210000;147,900408769974;15;"Nein";"Ja";"Gas"
188900;120,215533259012;18;"Nein";"Nein";"Strom"
192000;183,389074693423;33;"Nein";"Ja";"Gas"
137500;91,7874396135266;17;"Nein";"Ja";"Strom"
200000;140,096618357488;20;"Nein";"Ja";"Gas"
126000;84,3552582683018;17;"Nein";"Nein";"Strom"
214500;177,443329617243;20;"Nein";"Ja";"Strom"
152000;84,726867335563;18;"Nein";"Nein";"Strom"
115000;84,726867335563;20;"Nein";"Nein";"Strom"
88000;91,7874396135266;19;"Nein";"Nein";"Strom"
170000;162,393162393162;20;"Nein";"Nein";"Strom"
137000;84,726867335563;18;"Nein";"Ja";"Strom"
145000;128,669639539205;17;"Nein";"Nein";"Strom"
202000;120,772946859903;15;"Nein";"Nein";"Gas"
130000;84,3552582683018;17;"Nein";"Nein";"Strom"
265000;176,51430694909;25;"Nein";"Nein";"Strom"
185000;203,548866592345;16;"Nein";"Ja";"Strom"
130000;100,334448160535;25;"Ja";"Ja";"Gas"
190000;120,772946859903;15;"Ja";"Ja";"Gas"
204000;228,353771832033;1;"Nein";"Ja";"Gas"
125000;96,6183574879227;22;"Nein";"Nein";"Strom"
349900;268,115942028986;0;"Nein";"Ja";"Gas"
142000;170,940170940171;8;"Nein";"Nein";"Gas"
132500;184,689706428837;19;"Nein";"Nein";"Strom"
220000;62,4303232998885;43;"Nein";"Nein";"Oel"
160000;140,468227424749;13;"Nein";"Nein";"Oel"
156900;151,895206243032;52;"Nein";"Nein";"Oel"
138000;155,332590115199;39;"Nein";"Nein";"Gas"
166000;175,771088814567;26;"Ja";"Ja";"Gas"
195000;153,474544778893;18;"Nein";"Ja";"Gas"
295600;233,463396506875;21;"Ja";"Ja";"Gas"
460000;309,921962095875;1;"Ja";"Ja";"Gas"
126000;120,958751393534;17;"Ja";"Ja";"Gas"
220300;186,361947231512;16;"Ja";"Ja";"Gas"
175000;170,56856187291;27;"Ja";"Ja";"Gas"
255000;185,247120029729;49;"Nein";"Ja";"Oel"
185000;153,474544778893;19;"Nein";"Ja";"Gas"
234000;175,399479747306;8;"Nein";"Ja";"Gas"
133500;137,495354886659;19;"Ja";"Ja";"Gas"
151000;114,641397250093;19;"Nein";"Ja";"Strom"
157500;165,180230397622;31;"Nein";"Ja";"Gas"
285000;233,55629877369;23;"Ja";"Ja";"Gas"
217500;250,836120401338;35;"Nein";"Ja";"Gas"
300000;216,462281679673;21;"Ja";"Ja";"Gas"
161225;248,60646599777;33;"Nein";"Ja";"Gas"
217000;202,526941657376;25;"Ja";"Ja";"Strom"
250000;212,188777406169;21;"Ja";"Ja";"Gas"
124000;122,073578595318;19;"Nein";"Nein";"Strom"
248000;222,593831289483;35;"Nein";"Ja";"Gas"
187000;193,979933110368;45;"Nein";"Ja";"Gas"
195000;214,604236343367;39;"Nein";"Ja";"Gas"
239900;189,520624303233;19;"Ja";"Ja";"Gas"
475000;241,452991452991;19;"Ja";"Ja";"Strom"
246000;158,119658119658;16;"Nein";"Ja";"Gas"
219900;197,417316982534;18;"Nein";"Ja";"Gas"
193500;214,604236343367;38;"Nein";"Ja";"Gas"
122000;132,943143812709;31;"Ja";"Nein";"Gas"
118000;85,8416945373467;20;"Nein";"Nein";"Gas"
125000;167,131178000743;126;"Nein";"Ja";"Gas"
101000;90,6726124117428;23;"Nein";"Nein";"Strom"
249000;205,964325529543;19;"Ja";"Ja";"Gas"
180000;182,924563359346;102;"Nein";"Ja";"Oel"
292500;220,735785953177;19;"Ja";"Ja";"Gas"
199500;147,250092902267;18;"Nein";"Ja";"Gas"
205100;134,986993682646;32;"Nein";"Ja";"Gas"
330000;276,198439241918;12;"Ja";"Ja";"Oel"
179000;149,75845410628;37;"Nein";"Ja";"Gas"
342000;253,994797473058;4;"Ja";"Ja";"Gas"
145000;137,402452619844;22;"Ja";"Ja";"Strom"
66000;87,7926421404682;19;"Ja";"Nein";"Strom"
269900;180,044593088071;25;"Nein";"Ja";"Gas"
154000;126,718691936083;174;"Nein";"Ja";"Oel"
454900;301,189149015236;2;"Ja";"Ja";"Gas"
249900;145,949461166852;23;"Ja";"Ja";"Gas"
165000;122,073578595318;21;"Ja";"Ja";"Strom"
329000;224,173169825344;3;"Ja";"Ja";"Gas"
49387;83,6120401337793;56;"Nein";"Ja";"Oel"
445000;293,292456335935;0;"Ja";"Ja";"Gas"
73000;84,3552582683018;102;"Nein";"Ja";"Oel"
125000;85,8416945373467;20;"Nein";"Nein";"Strom"
146500;105,722779635823;18;"Ja";"Ja";"Strom"
209000;214,604236343367;38;"Nein";"Ja";"Gas"
196500;174,098848011892;30;"Nein";"Ja";"Gas"
157000;114,083983649201;20;"Nein";"Nein";"Strom"
125500;137,402452619844;19;"Ja";"Ja";"Gas"
190000;149,75845410628;38;"Nein";"Nein";"Gas"
250000;193,979933110368;22;"Ja";"Ja";"Strom"
255000;197,974730583426;4;"Nein";"Ja";"Gas"
129700;85,8416945373467;20;"Nein";"Ja";"Gas"
65000;157,190635451505;74;"Nein";"Nein";"Strom"
107000;145,670754366407;82;"Nein";"Nein";"Gas"
255000;210,144927536232;35;"Ja";"Ja";"Gas"
398000;274,990709773318;8;"Ja";"Ja";"Gas"
176000;156,354515050167;31;"Nein";"Ja";"Gas"
249900;248,978075065032;36;"Ja";"Ja";"Gas"
244900;254,738015607581;26;"Nein";"Ja";"Oel"
220000;186,919360832404;30;"Nein";"Ja";"Gas"
241000;251,021924934968;31;"Nein";"Ja";"Gas"
159900;122,073578595318;21;"Ja";"Ja";"Gas"
177555;155,332590115199;38;"Nein";"Ja";"Gas"
95000;111,482720178372;55;"Nein";"Nein";"Oel"
5000;157,933853586028;4;"Ja";"Ja";"Gas"
264900;246,376811594203;40;"Nein";"Ja";"Gas"
315000;284,46674098848;16;"Ja";"Ja";"Gas"
155000;119,84392419175;25;"Ja";"Ja";"Gas"
130000;94,017094017094;23;"Nein";"Nein";"Strom"
238000;214,604236343367;35;"Nein";"Ja";"Gas"
224000;188,219992567819;31;"Nein";"Ja";"Gas"
211000;130,434782608696;18;"Ja";"Nein";"Gas"
279000;165,551839464883;13;"Ja";"Nein";"Gas"
242000;185,990338164251;15;"Ja";"Ja";"Gas"
199875;165,551839464883;36;"Ja";"Ja";"Gas"
259900;205,499814195466;11;"Ja";"Ja";"Oel"
200000;173,913043478261;84;"Ja";"Nein";"Oel"
212000;167,59568933482;36;"Nein";"Ja";"Gas"
230000;177,443329617243;41;"Nein";"Ja";"Gas"
189000;151,616499442586;28;"Ja";"Ja";"Gas"
313635;355,258268301747;16;"Ja";"Ja";"Gas"
185000;111,111111111111;32;"Nein";"Nein";"Gas"
239900;209,866220735786;30;"Ja";"Ja";"Gas"
202000;157,004830917874;39;"Ja";"Ja";"Gas"
155000;113,991081382386;19;"Ja";"Ja";"Gas"
120000;118,729096989967;57;"Nein";"Ja";"Gas"
78000;62,0587142326273;77;"Nein";"Nein";"Oel"
311000;256,596060943887;17;"Ja";"Ja";"Gas"
198000;144,741731698253;38;"Nein";"Ja";"Gas"
158500;125,6038647343;11;"Nein";"Nein";"Strom"
227000;178,372352285396;37;"Nein";"Ja";"Gas"
265900;180,230397621702;6;"Nein";"Ja";"Gas"
163000;116,034931252323;30;"Nein";"Nein";"Gas"
165000;146,413972500929;27;"Nein";"Nein";"Gas"
151000;131,828316610925;30;"Ja";"Nein";"Gas"
200000;157,933853586028;4;"Ja";"Ja";"Gas"
299900;255,295429208473;15;"Ja";"Ja";"Gas"
210000;166,480862133036;18;"Ja";"Ja";"Gas"
220000;160,163507989595;36;"Nein";"Nein";"Strom"
326900;250,092902266815;15;"Ja";"Ja";"Gas"
204900;161,092530657748;29;"Nein";"Ja";"Oel"
234000;187,105165366035;32;"Nein";"Ja";"Gas"
236000;191,007060572278;36;"Nein";"Ja";"Gas"
124000;162,114455592716;36;"Nein";"Nein";"Gas"
199100;125,6038647343;13;"Ja";"Ja";"Gas"
245000;209,866220735786;30;"Nein";"Ja";"Gas"
264000;238,944630248978;33;"Nein";"Ja";"Gas"
105000;85,8416945373467;18;"Nein";"Ja";"Strom"
187000;185,804533630621;21;"Ja";"Nein";"Gas"
127000;86,3062058714233;21;"Ja";"Nein";"Gas"
100000;143,069490895578;42;"Nein";"Nein";"Oel"
251000;160,720921590487;44;"Ja";"Ja";"Oel"
105000;139,353400222965;50;"Nein";"Ja";"Oel"
431250;234,299516908213;10;"Ja";"Ja";"Gas"
149900;137,402452619844;19;"Ja";"Ja";"Strom"
180000;178,558156819026;36;"Ja";"Ja";"Gas"
123500;112,876254180602;20;"Nein";"Ja";"Gas"
253000;257,52508361204;33;"Ja";"Ja";"Gas"
330000;239,130434782609;6;"Nein";"Nein";"Gas"
124500;87,7926421404682;21;"Nein";"Nein";"Strom"
424200;270,717205499814;19;"Ja";"Ja";"Gas"
120000;137,495354886659;19;"Ja";"Nein";"Strom"
205000;177,814938684504;32;"Nein";"Ja";"Gas"
175000;125,78966926793;27;"Ja";"Ja";"Gas"
295000;213,861018208844;4;"Ja";"Ja";"Gas"
156500;114,641397250093;19;"Ja";"Ja";"Strom"
143000;137,495354886659;18;"Ja";"Nein";"Strom"
215000;154,682274247492;27;"Ja";"Ja";"Gas"
287000;202,712746191007;6;"Nein";"Ja";"Gas"
122500;85,8416945373467;18;"Nein";"Ja";"Strom"
180000;113,340765514679;19;"Nein";"Nein";"Strom"
143000;137,495354886659;18;"Ja";"Nein";"Strom"
137000;127,740616871052;21;"Nein";"Ja";"Strom"
271000;186,083240431067;22;"Ja";"Ja";"Gas"
129900;137,495354886659;15;"Ja";"Ja";"Gas"
133000;137,495354886659;15;"Ja";"Nein";"Gas"
179000;135,265700483092;11;"Ja";"Nein";"Gas"
302000;175,399479747306;5;"Nein";"Ja";"Gas"
168000;103,307320698625;28;"Nein";"Nein";"Oel"
120000;137,495354886659;16;"Nein";"Ja";"Gas"
119000;137,495354886659;15;"Ja";"Ja";"Strom"
168000;170,56856187291;27;"Ja";"Nein";"Gas"
124900;141,397250092902;96;"Nein";"Nein";"Oel"
415000;251,672240802676;1;"Ja";"Ja";"Gas"
150000;94,7603121516165;10;"Ja";"Nein";"Oel"
310000;205,128205128205;20;"Nein";"Ja";"Gas"
157000;127,090301003344;18;"Nein";"Nein";"Strom"
205000;231,140839836492;28;"Nein";"Ja";"Gas"
275000;173,262727610554;7;"Nein";"Nein";"Gas"
320000;294,871794871795;10;"Ja";"Nein";"Gas"
380000;273,504273504273;17;"Ja";"Ja";"Gas"
119900;89,1861761426979;23;"Nein";"Nein";"Gas"
345000;291,898922333705;15;"Nein";"Ja";"Gas"
145000;154,775176514307;32;"Nein";"Ja";"Oel"
123000;65,7748049052397;77;"Nein";"Ja";"Oel"
202500;148,457822370866;17;"Ja";"Ja";"Oel"
182000;145,299145299145;13;"Ja";"Ja";"Gas"
175000;113,71237458194;14;"Nein";"Nein";"Gas"
132500;128,112225938313;77;"Nein";"Nein";"Gas"
239000;214,604236343367;41;"Nein";"Ja";"Gas"
86125;89,1861761426979;14;"Nein";"Nein";"Gas"
245000;89,1861761426979;16;"Nein";"Nein";"Strom"
229900;169,082125603865;52;"Nein";"Ja";"Gas"
129000;151,616499442586;95;"Nein";"Nein";"Oel"
200000;148,086213303605;90;"Nein";"Nein";"Gas"
144200;119,84392419175;16;"Nein";"Nein";"Oel"
166000;144,927536231884;11;"Nein";"Nein";"Gas"
178000;134,986993682646;46;"Nein";"Ja";"Oel"
165000;154,589371980676;40;"Nein";"Ja";"Oel"
218000;201,505016722408;18;"Ja";"Ja";"Strom"
175000;131,921218877741;9;"Nein";"Nein";"Gas"
145000;133,872166480862;71;"Nein";"Nein";"Gas"
195000;94,3887030843553;4;"Nein";"Nein";"Gas"
288139;273,782980304719;0;"Nein";"Ja";"Gas"
187500;153,474544778893;11;"Nein";"Nein";"Oel"
255000;179,022668153103;105;"Nein";"Nein";"Oel"
145000;89,1861761426979;11;"Nein";"Nein";"Gas"
183000;167,59568933482;28;"Nein";"Ja";"Strom"
318310;243,032329988852;1;"Nein";"Ja";"Gas"
192500;103,678929765886;42;"Nein";"Nein";"Oel"
195000;199,461166852471;52;"Nein";"Ja";"Oel"
138000;81,3823857302118;36;"Nein";"Ja";"Oel"
230000;195,280564845782;26;"Nein";"Ja";"Strom"
237500;164,994425863991;15;"Nein";"Ja";"Oel"
375000;185,432924563359;3;"Ja";"Ja";"Gas"
105000;163,415087328131;165;"Nein";"Nein";"Gas"
168000;94,2028985507246;10;"Nein";"Nein";"Gas"
221000;210,888145670754;5;"Nein";"Nein";"Gas"
135000;143,8127090301;85;"Nein";"Nein";"Oel"
129900;150,501672240803;3;"Nein";"Nein";"Gas"
344100;242,289111854329;40;"Ja";"Ja";"Gas"
112000;100,334448160535;15;"Nein";"Nein";"Strom"
380000;105,908584169454;76;"Ja";"Nein";"Gas"
125000;107,023411371237;34;"Nein";"Nein";"Gas"
145000;98,1047937569677;20;"Nein";"Nein";"Strom"
190000;116,778149386845;2;"Nein";"Nein";"Gas"
135000;86,9565217391304;25;"Nein";"Ja";"Gas"
58500;105,908584169454;30;"Nein";"Nein";"Strom"
80500;89,1861761426979;14;"Nein";"Nein";"Gas"
150410;98,2905982905983;6;"Nein";"Nein";"Gas"
170000;71,3489409141583;29;"Nein";"Nein";"Strom"
242551;190,263842437755;14;"Nein";"Ja";"Oel"
176500;111,296915644742;7;"Nein";"Ja";"Gas"
212000;225,752508361204;27;"Ja";"Nein";"Strom"
135000;85,2842809364548;35;"Nein";"Nein";"Oel"
215000;252,879970271275;46;"Ja";"Ja";"Oel"
262000;219,620958751394;0;"Nein";"Ja";"Gas"
155000;133,779264214047;15;"Nein";"Nein";"Oel"
207000;162,021553325901;27;"Nein";"Nein";"Oel"
185000;211,817168338907;105;"Nein";"Nein";"Oel"
92200;161,278335191379;130;"Nein";"Nein";"Oel"
111000;82,032701597919;95;"Nein";"Nein";"Oel"
97000;92,9951690821256;145;"Nein";"Nein";"Gas"
200000;120,401337792642;34;"Nein";"Nein";"Oel"
230000;214,046822742475;14;"Nein";"Ja";"Strom"
299900;192,865105908584;13;"Nein";"Ja";"Gas"
183855;136,380527684876;51;"Nein";"Nein";"Oel"
174900;118,171683389075;50;"Nein";"Ja";"Gas"
335000;176,51430694909;11;"Ja";"Ja";"Oel"
208000;143,8127090301;53;"Nein";"Nein";"Oel"
380000;205,499814195466;35;"Nein";"Ja";"Strom"
289900;220,735785953177;0;"Nein";"Ja";"Gas"
188000;159,048680787811;33;"Ja";"Ja";"Oel"
600000;247,120029728725;1;"Ja";"Ja";"Gas"
262000;138,145670754366;5;"Ja";"Nein";"Oel"
220000;142,326272761055;30;"Nein";"Ja";"Strom"
275000;230,955035302861;21;"Ja";"Ja";"Gas"
215000;178,186547751765;25;"Nein";"Nein";"Gas"
100000;117,985878855444;47;"Nein";"Nein";"Oel"
158500;130,620587142326;19;"Nein";"Nein";"Strom"
148900;128,669639539205;18;"Nein";"Nein";"Strom"
218000;120,772946859903;16;"Nein";"Nein";"Gas"
355840;302,768487551096;0;"Nein";"Ja";"Gas"
168000;142,697881828317;9;"Ja";"Nein";"Gas"
171000;151,988108509848;14;"Nein";"Ja";"Oel"
195000;180,602006688963;15;"Nein";"Ja";"Gas"
201880;155,70419918246;19;"Nein";"Ja";"Gas"
145000;96,6183574879227;12;"Ja";"Nein";"Gas"
206000;167,224080267559;13;"Ja";"Ja";"Gas"
78000;129,505759940543;85;"Nein";"Ja";"Oel"
320900;175,12077294686;5;"Nein";"Ja";"Oel"
159000;98,1047937569677;1;"Nein";"Nein";"Oel"
180000;147,993311036789;38;"Nein";"Nein";"Gas"
129900;133,407655146786;125;"Nein";"Nein";"Oel"
150000;154,960981047938;34;"Nein";"Ja";"Gas"
171134;120,958751393534;35;"Nein";"Nein";"Gas"
151000;115,105908584169;33;"Ja";"Ja";"Gas"
100000;78,0379041248606;85;"Nein";"Nein";"Oel"
655000;72,463768115942;55;"Nein";"Nein";"Gas"
243500;160,535117056856;3;"Ja";"Nein";"Gas"
265000;154,775176514307;140;"Nein";"Nein";"Gas"
400000;187,848383500557;4;"Ja";"Ja";"Gas"
272800;206,707543664065;46;"Nein";"Ja";"Gas"
255000;95,0390189520624;115;"Nein";"Nein";"Gas"
220000;119,84392419175;17;"Ja";"Nein";"Strom"
775000;368,636194723151;31;"Ja";"Ja";"Gas"
233000;157,840951319212;129;"Nein";"Nein";"Gas"
216977;198,532144184318;27;"Nein";"Nein";"Gas"
245000;132,664437012263;5;"Ja";"Ja";"Gas"
159000;86,9565217391304;35;"Ja";"Nein";"Gas"
725000;240,245261984392;3;"Ja";"Ja";"Gas"
268300;127,554812337421;6;"Nein";"Ja";"Gas"
159000;118,171683389075;33;"Nein";"Nein";"Gas"
155000;127,090301003344;33;"Ja";"Ja";"Gas"
345000;196,952805648458;18;"Ja";"Ja";"Gas"
165200;118,821999256782;34;"Nein";"Nein";"Gas"
185000;102,564102564103;35;"Ja";"Nein";"Gas"
225500;101,449275362319;41;"Nein";"Ja";"Gas"
420000;208,751393534002;121;"Nein";"Nein";"Gas"
220000;106,465997770346;53;"Nein";"Nein";"Gas"
620000;301,932367149758;23;"Nein";"Ja";"Gas"
260000;178,372352285396;18;"Ja";"Ja";"Gas"
359900;179,48717948718;0;"Nein";"Ja";"Gas"
375000;150,501672240803;4;"Ja";"Nein";"Gas"
302900;152,359717577109;50;"Nein";"Nein";"Gas"
175000;96,6183574879227;39;"Nein";"Nein";"Gas"
260000;155,70419918246;37;"Ja";"Nein";"Oel"
270000;184,968413229283;16;"Ja";"Ja";"Gas"
485000;177,257525083612;17;"Ja";"Ja";"Gas"
200000;89,7435897435898;85;"Nein";"Nein";"Oel"
367000;168,617614269788;19;"Ja";"Ja";"Gas"
175000;154,589371980676;32;"Nein";"Nein";"Gas"
203000;112,969156447417;19;"Ja";"Ja";"Gas"
170000;145,299145299145;33;"Ja";"Nein";"Gas"
375000;255,667038275734;32;"Ja";"Ja";"Gas"
159900;86,9565217391304;35;"Nein";"Nein";"Gas"
230000;150,222965440357;95;"Nein";"Nein";"Gas"
375000;134,894091415831;69;"Nein";"Ja";"Gas"
421000;177,536231884058;5;"Ja";"Ja";"Gas"
218000;146,78558156819;31;"Ja";"Nein";"Gas"
167850;178,372352285396;34;"Ja";"Ja";"Gas"
252500;107,302118171683;80;"Nein";"Nein";"Gas"
650000;350,24154589372;3;"Ja";"Ja";"Gas"
380000;155,611296915645;18;"Ja";"Ja";"Gas"
214500;84,726867335563;33;"Nein";"Nein";"Gas"
218500;140,282422891119;115;"Nein";"Nein";"Gas"
174000;80,2675585284281;35;"Ja";"Nein";"Gas"
225000;148,643626904496;35;"Ja";"Nein";"Gas"
309750;162,021553325901;15;"Ja";"Ja";"Gas"
658300;298,030471943515;3;"Ja";"Ja";"Gas"
203000;119,84392419175;16;"Ja";"Nein";"Gas"
375000;176,51430694909;19;"Ja";"Ja";"Gas"
62500;260,869565217391;25;"Nein";"Nein";"Oel"
205000;146,413972500929;18;"Nein";"Nein";"Gas"
84500;103,864734299517;135;"Nein";"Nein";"Gas"
280500;162,764771460424;8;"Ja";"Ja";"Gas"
182000;162,857673727239;32;"Nein";"Nein";"Strom"
571000;203,084355258268;14;"Ja";"Nein";"Gas"
168000;167,224080267559;35;"Nein";"Nein";"Gas"
354000;228,725380899294;30;"Ja";"Ja";"Gas"
238000;119,472315124489;50;"Nein";"Nein";"Gas"
182000;124,21033073207;35;"Ja";"Nein";"Gas"
218500;108,695652173913;5;"Nein";"Ja";"Gas"
227500;110,089186176143;53;"Nein";"Nein";"Gas"
375000;225,195094760312;19;"Ja";"Ja";"Gas"
399900;169,825343738387;125;"Nein";"Nein";"Gas"
360000;202,155332590115;41;"Ja";"Ja";"Strom"
412500;185,804533630621;4;"Ja";"Ja";"Gas"
268500;124,489037532516;10;"Ja";"Ja";"Gas"
300300;112,225938312895;52;"Nein";"Nein";"Gas"
382500;208,472686733556;2;"Ja";"Ja";"Gas"
189000;147,900408769974;31;"Nein";"Ja";"Gas"
295000;170,104050538833;17;"Ja";"Ja";"Gas"
220000;101,542177629134;37;"Nein";"Ja";"Gas"
223000;135,637309550353;110;"Nein";"Nein";"Gas"
399000;197,69602378298;152;"Nein";"Ja";"Gas"
169480;127,090301003344;30;"Nein";"Nein";"Gas"
347750;204,384986993683;1;"Ja";"Ja";"Gas"
455000;214,604236343367;23;"Ja";"Ja";"Gas"
249900;164,994425863991;12;"Ja";"Ja";"Gas"
250000;172,054998141955;8;"Ja";"Nein";"Strom"
265000;101,449275362319;42;"Ja";"Nein";"Gas"
670000;208,751393534002;121;"Nein";"Nein";"Gas"
195000;121,794871794872;19;"Ja";"Nein";"Gas"
360000;129,319955406912;4;"Ja";"Nein";"Gas"
175000;103,678929765886;33;"Ja";"Nein";"Gas"
166500;75,436640654032;115;"Nein";"Nein";"Gas"
190100;173,913043478261;27;"Nein";"Ja";"Gas"
180500;115,942028985507;8;"Ja";"Nein";"Strom"
440000;158,119658119658;3;"Nein";"Nein";"Gas"
170000;125,046451133408;57;"Nein";"Ja";"Oel"
220000;148,272017837235;20;"Nein";"Ja";"Gas"
70500;82,1256038647343;57;"Nein";"Nein";"Gas"
65000;75,6224451876626;137;"Nein";"Nein";"Gas"
127500;66,8896321070234;71;"Nein";"Nein";"Gas"
155000;190,542549238201;28;"Nein";"Nein";"Strom"
255500;147,714604236343;11;"Ja";"Ja";"Oel"
136000;111,668524712003;39;"Nein";"Nein";"Strom"
204000;187,290969899666;16;"Nein";"Nein";"Oel"
200000;118,357487922705;6;"Nein";"Ja";"Gas"
163000;89,1861761426979;40;"Nein";"Nein";"Oel"
149350;98,1047937569677;47;"Ja";"Nein";"Gas"
235000;169,082125603865;12;"Ja";"Nein";"Oel"
260000;230,955035302861;27;"Nein";"Ja";"Gas"
210000;175,585284280936;27;"Ja";"Nein";"Gas"
159900;118,357487922705;84;"Nein";"Ja";"Oel"
209000;159,420289855072;14;"Ja";"Nein";"Oel"
135000;124,117428465255;22;"Ja";"Ja";"Strom"
200000;129,319955406912;45;"Nein";"Nein";"Gas"
432600;217,948717948718;1;"Ja";"Nein";"Gas"
195000;137,030843552583;19;"Nein";"Nein";"Gas"
165000;115,942028985507;16;"Nein";"Nein";"Strom"
198000;178,372352285396;16;"Ja";"Ja";"Strom"
219000;189,520624303233;2;"Nein";"Nein";"Oel"
430000;246,098104793757;15;"Nein";"Ja";"Strom"
120000;139,353400222965;105;"Nein";"Nein";"Oel"
373735;293,849869936826;1;"Ja";"Ja";"Gas"
183853;124,767744332962;18;"Ja";"Ja";"Gas"
213500;146,135265700483;17;"Ja";"Ja";"Gas"
155000;117,985878855444;18;"Ja";"Ja";"Strom"
197000;122,259383128948;14;"Nein";"Nein";"Gas"
392499;287,253808992939;11;"Ja";"Ja";"Gas"
229900;123,374210330732;7;"Nein";"Ja";"Gas"
289250;237,829803047194;14;"Nein";"Ja";"Oel"
189900;124,767744332962;17;"Ja";"Ja";"Gas"
397200;301,932367149758;1;"Ja";"Ja";"Gas"
389405;286,696395392048;1;"Ja";"Ja";"Gas"
135000;100,334448160535;155;"Nein";"Ja";"Oel"
174000;104,050538833148;16;"Ja";"Ja";"Gas"
525000;267,186919360832;1;"Ja";"Ja";"Gas"
135000;119,007803790412;19;"Ja";"Nein";"Strom"
412000;269,4165737644;9;"Ja";"Ja";"Gas"
186000;140,468227424749;18;"Ja";"Ja";"Gas"
453935;267,465626161278;1;"Ja";"Ja";"Gas"
355000;235,693050910442;3;"Ja";"Ja";"Gas"
186000;98,1047937569677;37;"Nein";"Nein";"Gas"
197000;120,401337792642;16;"Nein";"Ja";"Gas"
180000;140,468227424749;18;"Ja";"Ja";"Strom"
178000;124,303232998885;27;"Nein";"Ja";"Oel"
305000;219,992567818655;10;"Ja";"Ja";"Gas"
262000;141,954663693794;8;"Ja";"Nein";"Gas"
225000;172,519509476031;27;"Ja";"Ja";"Gas"
403040;308,43552582683;0;"Ja";"Ja";"Gas"
388500;206,893348197696;14;"Ja";"Ja";"Gas"
417000;254,738015607581;6;"Ja";"Ja";"Gas"
410000;277,591973244147;9;"Nein";"Ja";"Gas"
170000;153,846153846154;17;"Ja";"Ja";"Gas"
295000;163,507989594946;9;"Nein";"Ja";"Gas"
216000;158,119658119658;39;"Nein";"Ja";"Gas"
221649;156,261612783352;38;"Nein";"Ja";"Gas"
199900;109,624674842066;17;"Ja";"Ja";"Gas"
463000;268,02303976217;3;"Ja";"Ja";"Gas"
146500;119,007803790412;20;"Ja";"Nein";"Strom"
225000;148,272017837235;18;"Ja";"Ja";"Gas"
160000;109,996283909327;21;"Nein";"Nein";"Strom"
275055;255,016722408027;1;"Ja";"Ja";"Gas"
315513;248,978075065032;1;"Ja";"Ja";"Gas"
323759;230,676328502415;1;"Nein";"Ja";"Gas"
167500;110,367892976589;19;"Nein";"Nein";"Oel"
272699;219,806763285024;1;"Ja";"Ja";"Gas"
177500;140,096618357488;19;"Nein";"Ja";"Gas"
128000;73,5785953177258;50;"Nein";"Nein";"Oel"
317105;305,183946488294;1;"Nein";"Ja";"Gas"
144500;155,425492382014;18;"Nein";"Nein";"Gas"
260000;185,804533630621;7;"Nein";"Nein";"Gas"
244000;145,020438498699;18;"Nein";"Ja";"Strom"
287989;262,727610553698;1;"Ja";"Ja";"Gas"
159000;147,900408769974;18;"Nein";"Nein";"Strom"
167000;109,996283909327;18;"Nein";"Nein";"Strom"
348000;158,67707172055;14;"Ja";"Ja";"Oel"
140000;118,543292456336;26;"Ja";"Ja";"Strom"
145000;109,996283909327;20;"Nein";"Nein";"Strom"
150450;84,3552582683018;21;"Nein";"Nein";"Strom"
230000;149,75845410628;15;"Nein";"Ja";"Gas"
147423;84,726867335563;19;"Nein";"Ja";"Strom"
223000;140,096618357488;17;"Nein";"Ja";"Strom"
167500;138,610182088443;18;"Nein";"Nein";"Strom"
299000;81,1965811965812;25;"Nein";"Ja";"Strom"
235900;146,135265700483;33;"Nein";"Ja";"Gas"
147000;113,991081382386;115;"Nein";"Ja";"Gas"
305000;231,698253437384;13;"Nein";"Ja";"Gas"
154000;84,726867335563;21;"Nein";"Nein";"Strom"
149000;91,7874396135266;20;"Nein";"Nein";"Strom"
300279;256,596060943887;1;"Nein";"Ja";"Gas"
278000;243,86845039019;33;"Nein";"Ja";"Gas"
202000;113,526570048309;28;"Nein";"Nein";"Strom"
328463;292,084726867336;1;"Ja";"Ja";"Gas"
185000;108,974358974359;16;"Nein";"Ja";"Gas"
128000;84,3552582683018;21;"Nein";"Nein";"Strom"
335000;211,259754738016;16;"Ja";"Ja";"Gas"
148900;84,3552582683018;18;"Nein";"Nein";"Gas"
229900;143,069490895578;16;"Nein";"Nein";"Gas"
215000;111,111111111111;28;"Nein";"Ja";"Gas"
253000;165,366034931252;16;"Nein";"Ja";"Gas"
304065;248,049052396878;1;"Nein";"Ja";"Gas"
222000;146,878483835006;26;"Nein";"Ja";"Gas"
165000;147,900408769974;18;"Nein";"Nein";"Strom"
275000;186,826458565589;14;"Ja";"Ja";"Gas"
325000;129,227053140097;105;"Nein";"Ja";"Strom"
406000;244,890375325158;15;"Ja";"Ja";"Gas"
230000;153,846153846154;19;"Nein";"Ja";"Strom"
125000;141,025641025641;130;"Nein";"Nein";"Gas"
148000;109,810479375697;84;"Nein";"Ja";"Oel"
279000;170,56856187291;9;"Ja";"Nein";"Gas"
250000;142,047565960609;14;"Ja";"Ja";"Gas"
314940;252,229654403567;0;"Nein";"Ja";"Gas"
165900;109,996283909327;21;"Nein";"Nein";"Strom"
150000;104,050538833148;14;"Nein";"Nein";"Oel"
133000;93,6454849498328;15;"Nein";"Nein";"Gas"
155000;93,6454849498328;18;"Nein";"Nein";"Strom"
220000;192,958008175399;57;"Nein";"Ja";"Oel"
229000;146,042363433668;26;"Nein";"Nein";"Strom"
177000;174,098848011892;34;"Nein";"Nein";"Oel"
120000;71,3489409141583;50;"Nein";"Nein";"Gas"
195000;144,184318097362;3;"Nein";"Ja";"Gas"
315371;216,555183946488;1;"Nein";"Ja";"Gas"
137000;89,1861761426979;48;"Nein";"Nein";"Gas"
225700;159,791898922334;19;"Nein";"Nein";"Strom"
204900;133,500557413601;20;"Nein";"Nein";"Strom"
189500;140,282422891119;19;"Ja";"Nein";"Oel"
374000;280,657748049052;21;"Nein";"Ja";"Strom"
319000;182,088442958008;12;"Nein";"Nein";"Gas"
294100;196,209587513935;11;"Nein";"Ja";"Gas"
440760;270,99591230026;0;"Ja";"Ja";"Gas"
128000;84,726867335563;21;"Nein";"Ja";"Strom"
239505;208,472686733556;1;"Nein";"Ja";"Gas"
141700;111,668524712003;18;"Nein";"Nein";"Strom"
215500;241,638795986622;19;"Ja";"Ja";"Gas"
320210;231,512448903753;1;"Nein";"Ja";"Gas"
273495;248,978075065032;1;"Nein";"Nein";"Gas"
256350;210,98104793757;1;"Nein";"Ja";"Gas"
255000;186,919360832404;17;"Nein";"Ja";"Strom"
124000;85,4700854700855;13;"Nein";"Nein";"Strom"
293000;196,11668524712;5;"Ja";"Ja";"Gas"
147000;109,996283909327;20;"Nein";"Ja";"Gas"
284595;244,05425492382;1;"Nein";"Ja";"Gas"
342269;245,354886659234;1;"Nein";"Ja";"Gas"
229000;161,278335191379;25;"Nein";"Ja";"Gas"
216900;153,846153846154;19;"Nein";"Ja";"Strom"
164900;108,509847640282;22;"Nein";"Ja";"Strom"
149000;128,669639539205;18;"Nein";"Ja";"Gas"
150000;90,0222965440357;85;"Nein";"Nein";"Oel"
214990;140,096618357488;17;"Nein";"Ja";"Gas"
173000;148,829431438127;26;"Ja";"Ja";"Gas"
149900;84,726867335563;19;"Nein";"Ja";"Strom"
155000;104,79375696767;18;"Nein";"Nein";"Strom"
170000;140,65403195838;18;"Nein";"Ja";"Strom"
237500;142,604979561501;19;"Nein";"Nein";"Strom"
297065;252,879970271275;1;"Nein";"Nein";"Gas"
342202;251,858045336306;1;"Ja";"Ja";"Gas"
345264;280,564845782237;1;"Ja";"Ja";"Gas"
325046;251,950947603122;1;"Nein";"Nein";"Gas"
367000;237,458193979933;19;"Ja";"Ja";"Strom"
159900;109,996283909327;21;"Nein";"Nein";"Strom"
145000;84,726867335563;21;"Nein";"Ja";"Gas"
272500;205,499814195466;18;"Ja";"Ja";"Gas"
163255;148,829431438127;25;"Ja";"Ja";"Gas"
319000;305,183946488294;1;"Nein";"Ja";"Gas"
160600;130,620587142326;20;"Nein";"Nein";"Strom"
246000;136,752136752137;20;"Ja";"Ja";"Gas"
153000;99,5912300260126;57;"Nein";"Nein";"Oel"
295000;232,627276105537;15;"Nein";"Ja";"Gas"
159000;109,996283909327;18;"Nein";"Nein";"Strom"
148400;84,726867335563;20;"Nein";"Ja";"Strom"
311000;196,952805648458;10;"Ja";"Nein";"Gas"
314000;310,665180230398;1;"Nein";"Ja";"Gas"
250000;208,379784466741;25;"Ja";"Ja";"Strom"
149000;84,3552582683018;21;"Nein";"Nein";"Strom"
307890;252,136752136752;1;"Nein";"Nein";"Gas"
223000;126,347082868822;18;"Nein";"Ja";"Strom"
219000;159,698996655518;27;"Nein";"Ja";"Strom"
178000;130,434782608696;28;"Nein";"Ja";"Strom"
295925;198,253437383872;0;"Nein";"Ja";"Gas"
141160;84,726867335563;20;"Nein";"Nein";"Strom"
229900;132,199925678187;9;"Ja";"Ja";"Strom"
254900;189,892233370494;10;"Nein";"Nein";"Gas"
126000;83,240431066518;28;"Nein";"Nein";"Oel"
176500;128,205128205128;55;"Ja";"Ja";"Oel"
161800;89,1861761426979;41;"Nein";"Nein";"Gas"
112200;78,0379041248606;44;"Nein";"Nein";"Gas"
154500;169,082125603865;35;"Nein";"Nein";"Gas"
300000;199,182460052025;19;"Ja";"Ja";"Oel"
206000;149,57264957265;17;"Nein";"Nein";"Gas"
257000;162,764771460424;6;"Nein";"Nein";"Gas"
182000;160,628019323672;36;"Nein";"Ja";"Gas"
161000;98,1047937569677;37;"Nein";"Nein";"Gas"
176000;120,029728725381;21;"Nein";"Nein";"Strom"
177160;77,2946859903382;35;"Nein";"Nein";"Oel"
355063;209,58751393534;0;"Ja";"Ja";"Gas"
213000;118,357487922705;20;"Nein";"Ja";"Strom"
266500;149,386845039019;18;"Nein";"Nein";"Strom"
285000;173,541434411;13;"Nein";"Ja";"Gas"
178900;144,370122630992;21;"Nein";"Nein";"Strom"
300000;334,819769602378;34;"Nein";"Ja";"Gas"
211000;175,306577480491;41;"Ja";"Ja";"Gas"
451000;123,188405797101;52;"Ja";"Nein";"Oel"
201400;174,284652545522;30;"Nein";"Ja";"Gas"
195900;155,332590115199;34;"Nein";"Ja";"Gas"
190000;191,7502787068;35;"Ja";"Ja";"Gas"
150000;105,722779635823;19;"Nein";"Ja";"Strom"
206000;168,524712002973;19;"Ja";"Ja";"Gas"
285000;221,107395020439;28;"Ja";"Ja";"Strom"
120000;90,6726124117428;24;"Nein";"Nein";"Strom"
377500;268,115942028986;21;"Ja";"Ja";"Gas"
340000;230,676328502415;8;"Nein";"Ja";"Gas"
240000;171,497584541063;35;"Nein";"Ja";"Gas"
295000;240,802675585284;17;"Ja";"Ja";"Gas"
215000;166,480862133036;21;"Ja";"Nein";"Strom"
275000;240,431066518023;35;"Nein";"Ja";"Gas"
189000;112,411742846525;53;"Nein";"Nein";"Gas"
156000;119,84392419175;26;"Ja";"Ja";"Gas"
410000;227,053140096618;11;"Nein";"Ja";"Gas"
264500;220,735785953177;34;"Nein";"Ja";"Gas"
145500;137,495354886659;20;"Nein";"Nein";"Gas"
116500;127,740616871052;22;"Ja";"Nein";"Gas"
264500;248,60646599777;40;"Nein";"Ja";"Gas"
215000;165,180230397622;32;"Nein";"Ja";"Gas"
263000;238,758825715347;28;"Nein";"Ja";"Gas"
243000;118,171683389075;9;"Nein";"Nein";"Gas"
203000;172,054998141955;30;"Ja";"Ja";"Gas"
335000;213,489409141583;10;"Ja";"Ja";"Gas"
385000;209,866220735786;7;"Ja";"Ja";"Gas"
210000;225,380899293943;38;"Nein";"Ja";"Gas"
154000;137,495354886659;20;"Nein";"Ja";"Gas"
155000;115,570419918246;20;"Ja";"Nein";"Gas"
165000;137,402452619844;22;"Nein";"Nein";"Gas"
300000;219,063545150502;15;"Nein";"Nein";"Gas"
240000;134,986993682646;33;"Ja";"Ja";"Gas"
182000;193,236714975845;40;"Ja";"Ja";"Gas"
194000;182,088442958008;64;"Nein";"Ja";"Oel"
410000;241,545893719807;3;"Ja";"Ja";"Gas"
280000;176,235600148644;18;"Ja";"Ja";"Gas"
235000;173,913043478261;37;"Nein";"Ja";"Gas"
185000;117,056856187291;27;"Ja";"Ja";"Gas"
167000;114,083983649201;21;"Ja";"Ja";"Gas"
206500;181,716833890747;35;"Ja";"Nein";"Gas"
165000;137,495354886659;19;"Ja";"Nein";"Gas"
230000;166,573764399851;42;"Ja";"Ja";"Gas"
235000;193,050910442215;34;"Nein";"Ja";"Gas"
200500;154,775176514307;26;"Ja";"Ja";"Gas"
310000;220,921590486808;21;"Nein";"Ja";"Gas"
169900;134,894091415831;27;"Ja";"Ja";"Gas"
210500;166,480862133036;22;"Nein";"Ja";"Strom"
305000;212,746191007061;16;"Nein";"Ja";"Oel"
508000;326,179858788554;1;"Nein";"Ja";"Gas"
220000;178,558156819026;39;"Nein";"Nein";"Gas"
256000;210,237829803047;20;"Nein";"Ja";"Gas"
196900;155,332590115199;35;"Ja";"Nein";"Gas"
233000;176,70011148272;30;"Ja";"Ja";"Gas"
140000;137,402452619844;20;"Ja";"Ja";"Gas"
162900;122,073578595318;20;"Nein";"Ja";"Strom"
178000;120,958751393534;18;"Ja";"Nein";"Strom"
265000;214,604236343367;40;"Nein";"Ja";"Gas"
454900;267,558528428094;9;"Nein";"Ja";"Gas"
215000;180,973615756224;53;"Ja";"Ja";"Oel"
248000;149,851356373096;16;"Ja";"Ja";"Gas"
395000;260,405053883315;16;"Ja";"Ja";"Gas"
171500;137,402452619844;20;"Ja";"Ja";"Strom"
268000;199,461166852471;27;"Ja";"Ja";"Gas"
166500;122,073578595318;20;"Ja";"Ja";"Strom"
355000;216,462281679673;7;"Ja";"Ja";"Gas"
165000;125,6038647343;13;"Nein";"Nein";"Gas"
300000;211,445559271646;34;"Nein";"Ja";"Gas"
350000;200,854700854701;18;"Ja";"Ja";"Gas"
279900;194,258639910814;19;"Ja";"Ja";"Gas"
265000;238,201412114456;37;"Nein";"Ja";"Gas"
267000;190,449646971386;33;"Nein";"Nein";"Gas"
235000;164,251207729469;38;"Nein";"Nein";"Gas"
299900;231,97696023783;18;"Ja";"Ja";"Gas"
167000;119,84392419175;26;"Ja";"Ja";"Gas"
168000;164,994425863991;149;"Nein";"Nein";"Oel"
150000;137,495354886659;21;"Nein";"Nein";"Strom"
255000;177,443329617243;21;"Ja";"Nein";"Gas"
455000;262,727610553698;29;"Ja";"Ja";"Strom"
351100;235,507246376812;3;"Nein";"Ja";"Gas"
315000;239,316239316239;36;"Nein";"Ja";"Gas"
220000;139,353400222965;21;"Nein";"Nein";"Gas"
159000;137,495354886659;20;"Nein";"Nein";"Strom"
341000;209,030100334448;16;"Ja";"Ja";"Gas"
276000;170,104050538833;19;"Ja";"Ja";"Gas"
309000;205,685618729097;19;"Ja";"Ja";"Gas"
217021;171,497584541063;31;"Nein";"Nein";"Gas"
188500;120,958751393534;19;"Ja";"Nein";"Gas"
320000;205,499814195466;33;"Ja";"Ja";"Gas"
247000;165,644741731698;40;"Nein";"Ja";"Gas"
166000;137,495354886659;21;"Nein";"Ja";"Strom"
236000;166,666666666667;37;"Nein";"Nein";"Oel"
233900;178,186547751765;32;"Ja";"Ja";"Gas"
162740;137,495354886659;21;"Nein";"Ja";"Gas"
225000;163,136380527685;35;"Nein";"Ja";"Gas"
360000;232,16276477146;17;"Ja";"Ja";"Gas"
281520;214,604236343367;34;"Ja";"Ja";"Gas"
365000;274,061687105165;0;"Nein";"Ja";"Gas"
315000;251,021924934968;20;"Ja";"Ja";"Gas"
297900;212,56038647343;15;"Ja";"Ja";"Gas"
270000;170,75436640654;35;"Ja";"Nein";"Gas"
260000;214,604236343367;27;"Nein";"Ja";"Gas"
72000;107,023411371237;85;"Nein";"Nein";"Strom"
229500;146,506874767744;22;"Nein";"Nein";"Gas"
275000;202,0624303233;19;"Nein";"Ja";"Gas"
155000;127,740616871052;23;"Nein";"Nein";"Gas"
225570;150,130063173541;27;"Nein";"Ja";"Gas"
224000;181,531029357116;38;"Nein";"Ja";"Gas"
290000;253,437383872166;34;"Nein";"Ja";"Gas"
262000;237,179487179487;35;"Nein";"Ja";"Gas"
319900;182,367149758454;3;"Nein";"Ja";"Gas"
265000;238,201412114456;43;"Nein";"Ja";"Gas"
255000;166,480862133036;19;"Ja";"Ja";"Gas"
217300;154,496469713861;40;"Nein";"Ja";"Gas"
291000;192,307692307692;6;"Ja";"Ja";"Gas"
319000;240,431066518023;26;"Ja";"Ja";"Oel"
271500;211,445559271646;35;"Nein";"Ja";"Gas"
224900;160,906726124117;45;"Nein";"Nein";"Gas"
260000;214,604236343367;39;"Nein";"Ja";"Gas"
199900;161,835748792271;38;"Ja";"Ja";"Gas"
252659;260,312151616499;36;"Nein";"Ja";"Gas"
312500;176,70011148272;16;"Ja";"Ja";"Gas"
290000;188,59160163508;22;"Ja";"Ja";"Gas"
155000;139,167595689335;59;"Nein";"Ja";"Gas"
355000;196,581196581197;20;"Ja";"Ja";"Gas"
190000;195,837978446674;37;"Nein";"Ja";"Gas"
130000;137,495354886659;16;"Ja";"Ja";"Gas"
264000;225,473801560758;1;"Nein";"Nein";"Gas"
193980;125,232255667038;12;"Nein";"Nein";"Gas"
219900;129,227053140097;13;"Nein";"Nein";"Gas"
469900;317,911557041992;2;"Ja";"Ja";"Gas"
314230;249,535488665923;1;"Ja";"Ja";"Gas"
138900;96,0609438870308;14;"Ja";"Nein";"Gas"
160000;99,5912300260126;14;"Ja";"Nein";"Gas"
228000;140,468227424749;12;"Nein";"Nein";"Gas"
224400;93,6454849498328;17;"Nein";"Nein";"Strom"
132870;137,495354886659;17;"Nein";"Ja";"Gas"
135600;84,726867335563;34;"Nein";"Nein";"Gas"
150600;137,495354886659;17;"Ja";"Ja";"Gas"
335000;144,741731698253;16;"Nein";"Ja";"Strom"
316250;246,005202526942;0;"Nein";"Ja";"Gas"
181280;208,844295800818;26;"Nein";"Nein";"Gas"
158000;135,730211817168;85;"Nein";"Nein";"Oel"
221000;136,566332218506;11;"Nein";"Ja";"Gas"
230000;176,51430694909;8;"Nein";"Nein";"Gas"
299000;190,821256038647;8;"Ja";"Nein";"Gas"
148000;137,495354886659;16;"Nein";"Ja";"Gas"
267500;169,267930137495;14;"Nein";"Nein";"Gas"
259000;150,501672240803;12;"Nein";"Ja";"Gas"
321000;196,952805648458;14;"Ja";"Nein";"Gas"
409790;279,542920847269;1;"Nein";"Ja";"Gas"
184000;166,387959866221;35;"Nein";"Nein";"Gas"
145000;137,495354886659;16;"Ja";"Ja";"Strom"
310000;120,772946859903;14;"Nein";"Nein";"Strom"
170000;137,495354886659;16;"Nein";"Ja";"Gas"
210500;174,284652545522;15;"Nein";"Nein";"Gas"
199900;145,299145299145;13;"Nein";"Nein";"Gas"
150000;115,942028985507;70;"Nein";"Nein";"Gas"
153000;137,495354886659;16;"Nein";"Nein";"Gas"
334000;211,910070605723;12;"Nein";"Ja";"Gas"
216900;222,500929022668;38;"Ja";"Ja";"Gas"
259000;177,907840951319;15;"Nein";"Ja";"Gas"
240000;130,063173541434;12;"Nein";"Ja";"Gas"
186030;102,564102564103;38;"Ja";"Nein";"Gas"
203000;166,852471200297;14;"Ja";"Ja";"Gas"
255000;140,468227424749;15;"Nein";"Nein";"Gas"
119000;152,917131178001;95;"Nein";"Nein";"Gas"
260800;173,541434411;5;"Nein";"Ja";"Gas"
169000;120,865849126719;15;"Nein";"Nein";"Gas"
225000;153,474544778893;15;"Nein";"Nein";"Strom"
124000;98,1047937569677;33;"Nein";"Nein";"Oel"
245000;214,790040876997;22;"Nein";"Nein";"Gas"
250000;192,493496841323;15;"Ja";"Nein";"Gas"
172000;111,482720178372;20;"Nein";"Nein";"Strom"
153500;163,879598662207;33;"Nein";"Ja";"Oel"
165000;89,1861761426979;17;"Nein";"Nein";"Gas"
159000;91,7874396135266;22;"Nein";"Nein";"Gas"
171500;140,65403195838;19;"Nein";"Nein";"Strom"
240000;122,63099219621;13;"Ja";"Nein";"Gas"
409550;252,601263470829;1;"Ja";"Ja";"Gas"
302000;166,852471200297;11;"Nein";"Ja";"Gas"
285000;158,769973987365;4;"Nein";"Ja";"Gas"
385900;279,450018580453;1;"Ja";"Ja";"Gas"
140595;125,418060200669;71;"Nein";"Nein";"Oel"
213000;111,482720178372;20;"Ja";"Nein";"Strom"
335000;172,519509476031;3;"Ja";"Ja";"Gas"
290000;214,13972500929;15;"Ja";"Ja";"Gas"
265000;202,898550724638;1;"Ja";"Ja";"Gas"
334000;154,960981047938;116;"Nein";"Nein";"Gas"
382406;251,950947603122;1;"Ja";"Ja";"Gas"
149300;84,726867335563;20;"Nein";"Nein";"Strom"
212000;140,096618357488;21;"Nein";"Nein";"Strom"
195000;114,455592716462;28;"Nein";"Ja";"Strom"
245000;170,56856187291;106;"Nein";"Ja";"Gas"
422680;416,759568933482;176;"Nein";"Ja";"Gas"
240000;204,756596060944;38;"Nein";"Ja";"Oel"
156000;109,996283909327;19;"Nein";"Nein";"Gas"
265000;202,898550724638;1;"Ja";"Ja";"Gas"
334000;154,960981047938;116;"Nein";"Nein";"Gas"
382406;251,950947603122;1;"Ja";"Ja";"Gas"
149300;84,726867335563;20;"Nein";"Nein";"Strom"
212000;140,096618357488;21;"Nein";"Nein";"Strom"
195000;114,455592716462;28;"Nein";"Ja";"Strom"
171600;89,1861761426979;15;"Nein";"Nein";"Strom"
245000;170,56856187291;106;"Nein";"Ja";"Gas"
282000;170,56856187291;12;"Ja";"Ja";"Gas"
260000;167,502787068004;42;"Nein";"Nein";"Gas"
254500;135,916016350799;9;"Ja";"Ja";"Gas"
179900;119,84392419175;27;"Ja";"Ja";"Gas"
255000;214,604236343367;38;"Nein";"Ja";"Gas"
265000;154,589371980676;40;"Ja";"Ja";"Gas"
174000;137,402452619844;21;"Nein";"Nein";"Gas"
322000;230,676328502415;7;"Ja";"Ja";"Gas"
337000;230,39762170197;4;"Ja";"Ja";"Gas"
221450;250,743218134522;121;"Nein";"Ja";"Oel"
247000;155,70419918246;28;"Ja";"Ja";"Gas"
180000;261,612783351914;38;"Nein";"Ja";"Gas"
229900;182,6458565589;26;"Nein";"Nein";"Gas"
230000;196,209587513935;39;"Nein";"Ja";"Gas"
388000;256,596060943887;9;"Nein";"Ja";"Gas"
350000;202,898550724638;23;"Ja";"Ja";"Gas"
169700;137,495354886659;22;"Nein";"Nein";"Strom"
190000;150,873281308064;39;"Nein";"Nein";"Gas"
317500;153,288740245262;19;"Ja";"Ja";"Gas"
70000;121,980676328502;34;"Nein";"Nein";"Strom"
300000;241,545893719807;19;"Nein";"Ja";"Gas"
145400;87,7926421404682;22;"Nein";"Nein";"Gas"
183500;104,143441099963;57;"Nein";"Nein";"Oel"
275900;212,56038647343;0;"Nein";"Ja";"Gas"
436023;252,508361204013;5;"Ja";"Ja";"Gas"
319900;228,911185432925;42;"Nein";"Ja";"Gas"
249000;225,380899293943;41;"Nein";"Ja";"Gas"
289000;214,604236343367;32;"Nein";"Ja";"Gas"
285000;238,201412114456;37;"Nein";"Ja";"Gas"
194900;102,099591230026;9;"Nein";"Nein";"Gas"
125000;113,805276848755;48;"Nein";"Ja";"Gas"
111300;181,995540691193;86;"Nein";"Nein";"Gas"
